municipio_id,municipio_nome,uf,ano,populacao_estimada
2200053,Acauã,PI,2019,7084
2200053,Acauã,PI,2020,7102
2200053,Acauã,PI,2021,7119
2200053,Acauã,PI,2024,6515
2200103,Agricolândia,PI,2019,5139
2200103,Agricolândia,PI,2020,5131
2200103,Agricolândia,PI,2021,5123
2200103,Agricolândia,PI,2024,5023
2200202,Água Branca,PI,2019,17411
2200202,Água Branca,PI,2020,17470
2200202,Água Branca,PI,2021,17525
2200202,Água Branca,PI,2024,18033
2200251,Alagoinha do Piauí,PI,2019,7651
2200251,Alagoinha do Piauí,PI,2020,7665
2200251,Alagoinha do Piauí,PI,2021,7678
2200251,Alagoinha do Piauí,PI,2024,6901
2200277,Alegrete do Piauí,PI,2019,4915
2200277,Alegrete do Piauí,PI,2020,4918
2200277,Alegrete do Piauí,PI,2021,4921
2200277,Alegrete do Piauí,PI,2024,4713
2200301,Alto Longá,PI,2019,14304
2200301,Alto Longá,PI,2020,14339
2200301,Alto Longá,PI,2021,14371
2200301,Alto Longá,PI,2024,13734
2200400,Altos,PI,2019,40524
2200400,Altos,PI,2020,40605
2200400,Altos,PI,2021,40681
2200400,Altos,PI,2024,49637
2200459,Alvorada do Gurguéia,PI,2019,5419
2200459,Alvorada do Gurguéia,PI,2020,5445
2200459,Alvorada do Gurguéia,PI,2021,5469
2200459,Alvorada do Gurguéia,PI,2024,5459
2200509,Amarante,PI,2019,17598
2200509,Amarante,PI,2020,17604
2200509,Amarante,PI,2021,17609
2200509,Amarante,PI,2024,17577
2200608,Angical do Piauí,PI,2019,6788
2200608,Angical do Piauí,PI,2020,6783
2200608,Angical do Piauí,PI,2021,6779
2200608,Angical do Piauí,PI,2024,6982
2200707,Anísio de Abreu,PI,2019,9880
2200707,Anísio de Abreu,PI,2020,9938
2200707,Anísio de Abreu,PI,2021,9994
2200707,Anísio de Abreu,PI,2024,9631
2200806,Antônio Almeida,PI,2019,3164
2200806,Antônio Almeida,PI,2020,3170
2200806,Antônio Almeida,PI,2021,3175
2200806,Antônio Almeida,PI,2024,3228
2200905,Aroazes,PI,2019,5835
2200905,Aroazes,PI,2020,5827
2200905,Aroazes,PI,2021,5819
2200905,Aroazes,PI,2024,5433
2200954,Aroeiras do Itaim,PI,2019,2551
2200954,Aroeiras do Itaim,PI,2020,2551
2200954,Aroeiras do Itaim,PI,2021,2551
2200954,Aroeiras do Itaim,PI,2024,2766
2201002,Arraial,PI,2019,4727
2201002,Arraial,PI,2020,4720
2201002,Arraial,PI,2021,4713
2201002,Arraial,PI,2024,4593
2201051,Assunção do Piauí,PI,2019,7846
2201051,Assunção do Piauí,PI,2020,7863
2201051,Assunção do Piauí,PI,2021,7879
2201051,Assunção do Piauí,PI,2024,7597
2201101,Avelino Lopes,PI,2019,11289
2201101,Avelino Lopes,PI,2020,11326
2201101,Avelino Lopes,PI,2021,11361
2201101,Avelino Lopes,PI,2024,11106
2201150,Baixa Grande do Ribeiro,PI,2019,11586
2201150,Baixa Grande do Ribeiro,PI,2020,11671
2201150,Baixa Grande do Ribeiro,PI,2021,11751
2201150,Baixa Grande do Ribeiro,PI,2024,13838
2201176,Barra D'Alcântara,PI,2019,3951
2201176,Barra D'Alcântara,PI,2020,3952
2201176,Barra D'Alcântara,PI,2021,3953
2201176,Barra D'Alcântara,PI,2024,4091
2201200,Barras,PI,2019,47066
2201200,Barras,PI,2020,47185
2201200,Barras,PI,2021,47298
2201200,Barras,PI,2024,49533
2201309,Barreiras do Piauí,PI,2019,3348
2201309,Barreiras do Piauí,PI,2020,3352
2201309,Barreiras do Piauí,PI,2021,3356
2201309,Barreiras do Piauí,PI,2024,3334
2201408,Barro Duro,PI,2019,7032
2201408,Barro Duro,PI,2020,7027
2201408,Barro Duro,PI,2021,7022
2201408,Barro Duro,PI,2024,6744
2201507,Batalha,PI,2019,26857
2201507,Batalha,PI,2020,26905
2201507,Batalha,PI,2021,26951
2201507,Batalha,PI,2024,27123
2201556,Bela Vista do Piauí,PI,2019,4015
2201556,Bela Vista do Piauí,PI,2020,4030
2201556,Bela Vista do Piauí,PI,2021,4044
2201556,Bela Vista do Piauí,PI,2024,4208
2201572,Belém do Piauí,PI,2019,3566
2201572,Belém do Piauí,PI,2020,3587
2201572,Belém do Piauí,PI,2021,3607
2201572,Belém do Piauí,PI,2024,3508
2201606,Beneditinos,PI,2019,10467
2201606,Beneditinos,PI,2020,10473
2201606,Beneditinos,PI,2021,10479
2201606,Beneditinos,PI,2024,10104
2201705,Bertolínia,PI,2019,5501
2201705,Bertolínia,PI,2020,5507
2201705,Bertolínia,PI,2021,5512
2201705,Bertolínia,PI,2024,5701
2201739,Betânia do Piauí,PI,2019,6205
2201739,Betânia do Piauí,PI,2020,6210
2201739,Betânia do Piauí,PI,2021,6214
2201739,Betânia do Piauí,PI,2024,6368
2201770,Boa Hora,PI,2019,6781
2201770,Boa Hora,PI,2020,6815
2201770,Boa Hora,PI,2021,6848
2201770,Boa Hora,PI,2024,7108
2201804,Bocaina,PI,2019,4500
2201804,Bocaina,PI,2020,4505
2201804,Bocaina,PI,2021,4509
2201804,Bocaina,PI,2024,4131
2201903,Bom Jesus,PI,2019,25179
2201903,Bom Jesus,PI,2020,25387
2201903,Bom Jesus,PI,2021,25584
2201903,Bom Jesus,PI,2024,30321
2201919,Bom Princípio do Piauí,PI,2019,5630
2201919,Bom Princípio do Piauí,PI,2020,5651
2201919,Bom Princípio do Piauí,PI,2021,5670
2201919,Bom Princípio do Piauí,PI,2024,5786
2201929,Bonfim do Piauí,PI,2019,5670
2201929,Bonfim do Piauí,PI,2020,5685
2201929,Bonfim do Piauí,PI,2021,5700
2201929,Bonfim do Piauí,PI,2024,6089
2201945,Boqueirão do Piauí,PI,2019,6407
2201945,Boqueirão do Piauí,PI,2020,6426
2201945,Boqueirão do Piauí,PI,2021,6443
2201945,Boqueirão do Piauí,PI,2024,6728
2201960,Brasileira,PI,2019,8329
2201960,Brasileira,PI,2020,8347
2201960,Brasileira,PI,2021,8364
2201960,Brasileira,PI,2024,8658
2201988,Brejo do Piauí,PI,2019,3875
2201988,Brejo do Piauí,PI,2020,3848
2201988,Brejo do Piauí,PI,2021,3824
2201988,Brejo do Piauí,PI,2024,3969
2202000,Buriti dos Lopes,PI,2019,19781
2202000,Buriti dos Lopes,PI,2020,19807
2202000,Buriti dos Lopes,PI,2021,19832
2202000,Buriti dos Lopes,PI,2024,20096
2202026,Buriti dos Montes,PI,2019,8244
2202026,Buriti dos Montes,PI,2020,8264
2202026,Buriti dos Montes,PI,2021,8282
2202026,Buriti dos Montes,PI,2024,7538
2202059,Cabeceiras do Piauí,PI,2019,10586
2202059,Cabeceiras do Piauí,PI,2020,10630
2202059,Cabeceiras do Piauí,PI,2021,10671
2202059,Cabeceiras do Piauí,PI,2024,10449
2202075,Cajazeiras do Piauí,PI,2019,3559
2202075,Cajazeiras do Piauí,PI,2020,3573
2202075,Cajazeiras do Piauí,PI,2021,3586
2202075,Cajazeiras do Piauí,PI,2024,3146
2202083,Cajueiro da Praia,PI,2019,7642
2202083,Cajueiro da Praia,PI,2020,7674
2202083,Cajueiro da Praia,PI,2021,7704
2202083,Cajueiro da Praia,PI,2024,8203
2202091,Caldeirão Grande do Piauí,PI,2019,5776
2202091,Caldeirão Grande do Piauí,PI,2020,5781
2202091,Caldeirão Grande do Piauí,PI,2021,5786
2202091,Caldeirão Grande do Piauí,PI,2024,5605
2202109,Campinas do Piauí,PI,2019,5613
2202109,Campinas do Piauí,PI,2020,5620
2202109,Campinas do Piauí,PI,2021,5628
2202109,Campinas do Piauí,PI,2024,4988
2202117,Campo Alegre do Fidalgo,PI,2019,5045
2202117,Campo Alegre do Fidalgo,PI,2020,5069
2202117,Campo Alegre do Fidalgo,PI,2021,5093
2202117,Campo Alegre do Fidalgo,PI,2024,4701
2202133,Campo Grande do Piauí,PI,2019,5943
2202133,Campo Grande do Piauí,PI,2020,5965
2202133,Campo Grande do Piauí,PI,2021,5987
2202133,Campo Grande do Piauí,PI,2024,6188
2202174,Campo Largo do Piauí,PI,2019,7279
2202174,Campo Largo do Piauí,PI,2020,7311
2202174,Campo Largo do Piauí,PI,2021,7342
2202174,Campo Largo do Piauí,PI,2024,7636
2202208,Campo Maior,PI,2019,46833
2202208,Campo Maior,PI,2020,46893
2202208,Campo Maior,PI,2021,46950
2202208,Campo Maior,PI,2024,47074
2202251,Canavieira,PI,2019,3950
2202251,Canavieira,PI,2020,3944
2202251,Canavieira,PI,2021,3938
2202251,Canavieira,PI,2024,3429
2202307,Canto do Buriti,PI,2019,21187
2202307,Canto do Buriti,PI,2020,21258
2202307,Canto do Buriti,PI,2021,21326
2202307,Canto do Buriti,PI,2024,19669
2202406,Capitão de Campos,PI,2019,11417
2202406,Capitão de Campos,PI,2020,11445
2202406,Capitão de Campos,PI,2021,11471
2202406,Capitão de Campos,PI,2024,11347
2202455,Capitão Gervásio Oliveira,PI,2019,4100
2202455,Capitão Gervásio Oliveira,PI,2020,4114
2202455,Capitão Gervásio Oliveira,PI,2021,4127
2202455,Capitão Gervásio Oliveira,PI,2024,4065
2202505,Caracol,PI,2019,10916
2202505,Caracol,PI,2020,10964
2202505,Caracol,PI,2021,11009
2202505,Caracol,PI,2024,10538
2202539,Caraúbas do Piauí,PI,2019,5868
2202539,Caraúbas do Piauí,PI,2020,5890
2202539,Caraúbas do Piauí,PI,2021,5910
2202539,Caraúbas do Piauí,PI,2024,5755
2202554,Caridade do Piauí,PI,2019,5067
2202554,Caridade do Piauí,PI,2020,5085
2202554,Caridade do Piauí,PI,2021,5102
2202554,Caridade do Piauí,PI,2024,5162
2202604,Castelo do Piauí,PI,2019,19716
2202604,Castelo do Piauí,PI,2020,19715
2202604,Castelo do Piauí,PI,2021,19716
2202604,Castelo do Piauí,PI,2024,19663
2202653,Caxingó,PI,2019,5424
2202653,Caxingó,PI,2020,5451
2202653,Caxingó,PI,2021,5477
2202653,Caxingó,PI,2024,5657
2202703,Cocal,PI,2019,27787
2202703,Cocal,PI,2020,27845
2202703,Cocal,PI,2021,27901
2202703,Cocal,PI,2024,29209
2202711,Cocal de Telha,PI,2019,4891
2202711,Cocal de Telha,PI,2020,4899
2202711,Cocal de Telha,PI,2021,4908
2202711,Cocal de Telha,PI,2024,5034
2202729,Cocal dos Alves,PI,2019,6153
2202729,Cocal dos Alves,PI,2020,6168
2202729,Cocal dos Alves,PI,2021,6180
2202729,Cocal dos Alves,PI,2024,6569
2202737,Coivaras,PI,2019,4020
2202737,Coivaras,PI,2020,4032
2202737,Coivaras,PI,2021,4044
2202737,Coivaras,PI,2024,4233
2202752,Colônia do Gurguéia,PI,2019,6484
2202752,Colônia do Gurguéia,PI,2020,6516
2202752,Colônia do Gurguéia,PI,2021,6545
2202752,Colônia do Gurguéia,PI,2024,6287
2202778,Colônia do Piauí,PI,2019,7656
2202778,Colônia do Piauí,PI,2020,7661
2202778,Colônia do Piauí,PI,2021,7665
2202778,Colônia do Piauí,PI,2024,7088
2202802,Conceição do Canindé,PI,2019,4803
2202802,Conceição do Canindé,PI,2020,4807
2202802,Conceição do Canindé,PI,2021,4811
2202802,Conceição do Canindé,PI,2024,5063
2202851,Coronel José Dias,PI,2019,4682
2202851,Coronel José Dias,PI,2020,4685
2202851,Coronel José Dias,PI,2021,4688
2202851,Coronel José Dias,PI,2024,4305
2202901,Corrente,PI,2019,26644
2202901,Corrente,PI,2020,26709
2202901,Corrente,PI,2021,26771
2202901,Corrente,PI,2024,28275
2203008,Cristalândia do Piauí,PI,2019,8294
2203008,Cristalândia do Piauí,PI,2020,8323
2203008,Cristalândia do Piauí,PI,2021,8350
2203008,Cristalândia do Piauí,PI,2024,7454
2203107,Cristino Castro,PI,2019,10423
2203107,Cristino Castro,PI,2020,10444
2203107,Cristino Castro,PI,2021,10464
2203107,Cristino Castro,PI,2024,10772
2203206,Curimatá,PI,2019,11388
2203206,Curimatá,PI,2020,11426
2203206,Curimatá,PI,2021,11461
2203206,Curimatá,PI,2024,11552
2203230,Currais,PI,2019,4954
2203230,Currais,PI,2020,4968
2203230,Currais,PI,2021,4982
2203230,Currais,PI,2024,4968
2203255,Curralinhos,PI,2019,4443
2203255,Curralinhos,PI,2020,4459
2203255,Curralinhos,PI,2021,4475
2203255,Curralinhos,PI,2024,4527
2203271,Curral Novo do Piauí,PI,2019,5343
2203271,Curral Novo do Piauí,PI,2020,5367
2203271,Curral Novo do Piauí,PI,2021,5390
2203271,Curral Novo do Piauí,PI,2024,5185
2203305,Demerval Lobão,PI,2019,13817
2203305,Demerval Lobão,PI,2020,13840
2203305,Demerval Lobão,PI,2021,13862
2203305,Demerval Lobão,PI,2024,16998
2203354,Dirceu Arcoverde,PI,2019,7011
2203354,Dirceu Arcoverde,PI,2020,7029
2203354,Dirceu Arcoverde,PI,2021,7046
2203354,Dirceu Arcoverde,PI,2024,7238
2203404,Dom Expedito Lopes,PI,2019,6904
2203404,Dom Expedito Lopes,PI,2020,6922
2203404,Dom Expedito Lopes,PI,2021,6940
2203404,Dom Expedito Lopes,PI,2024,6421
2203420,Domingos Mourão,PI,2019,4355
2203420,Domingos Mourão,PI,2020,4354
2203420,Domingos Mourão,PI,2021,4352
2203420,Domingos Mourão,PI,2024,4138
2203453,Dom Inocêncio,PI,2019,9556
2203453,Dom Inocêncio,PI,2020,9565
2203453,Dom Inocêncio,PI,2021,9574
2203453,Dom Inocêncio,PI,2024,9335
2203503,Elesbão Veloso,PI,2019,14602
2203503,Elesbão Veloso,PI,2020,14575
2203503,Elesbão Veloso,PI,2021,14550
2203503,Elesbão Veloso,PI,2024,13786
2203602,Eliseu Martins,PI,2019,4915
2203602,Eliseu Martins,PI,2020,4930
2203602,Eliseu Martins,PI,2021,4943
2203602,Eliseu Martins,PI,2024,4435
2203701,Esperantina,PI,2019,39737
2203701,Esperantina,PI,2020,39848
2203701,Esperantina,PI,2021,39953
2203701,Esperantina,PI,2024,42510
2203750,Fartura do Piauí,PI,2019,5307
2203750,Fartura do Piauí,PI,2020,5319
2203750,Fartura do Piauí,PI,2021,5330
2203750,Fartura do Piauí,PI,2024,5414
2203800,Flores do Piauí,PI,2019,4463
2203800,Flores do Piauí,PI,2020,4462
2203800,Flores do Piauí,PI,2021,4461
2203800,Flores do Piauí,PI,2024,4508
2203859,Floresta do Piauí,PI,2019,2558
2203859,Floresta do Piauí,PI,2020,2560
2203859,Floresta do Piauí,PI,2021,2561
2203859,Floresta do Piauí,PI,2024,2364
2203909,Floriano,PI,2019,59935
2203909,Floriano,PI,2020,60025
2203909,Floriano,PI,2021,60111
2203909,Floriano,PI,2024,64150
2204006,Francinópolis,PI,2019,5348
2204006,Francinópolis,PI,2020,5347
2204006,Francinópolis,PI,2021,5345
2204006,Francinópolis,PI,2024,4517
2204105,Francisco Ayres,PI,2019,4348
2204105,Francisco Ayres,PI,2020,4323
2204105,Francisco Ayres,PI,2021,4300
2204105,Francisco Ayres,PI,2024,4494
2204154,Francisco Macedo,PI,2019,3184
2204154,Francisco Macedo,PI,2020,3200
2204154,Francisco Macedo,PI,2021,3216
2204154,Francisco Macedo,PI,2024,2986
2204204,Francisco Santos,PI,2019,9319
2204204,Francisco Santos,PI,2020,9372
2204204,Francisco Santos,PI,2021,9423
2204204,Francisco Santos,PI,2024,8366
2204303,Fronteiras,PI,2019,11625
2204303,Fronteiras,PI,2020,11659
2204303,Fronteiras,PI,2021,11690
2204303,Fronteiras,PI,2024,10382
2204352,Geminiano,PI,2019,5442
2204352,Geminiano,PI,2020,5460
2204352,Geminiano,PI,2021,5477
2204352,Geminiano,PI,2024,5587
2204402,Gilbués,PI,2019,10690
2204402,Gilbués,PI,2020,10694
2204402,Gilbués,PI,2021,10698
2204402,Gilbués,PI,2024,11166
2204501,Guadalupe,PI,2019,10499
2204501,Guadalupe,PI,2020,10497
2204501,Guadalupe,PI,2021,10496
2204501,Guadalupe,PI,2024,10478
2204550,Guaribas,PI,2019,4562
2204550,Guaribas,PI,2020,4568
2204550,Guaribas,PI,2021,4573
2204550,Guaribas,PI,2024,4350
2204600,Hugo Napoleão,PI,2019,3877
2204600,Hugo Napoleão,PI,2020,3879
2204600,Hugo Napoleão,PI,2021,3880
2204600,Hugo Napoleão,PI,2024,3562
2204659,Ilha Grande,PI,2019,9426
2204659,Ilha Grande,PI,2020,9457
2204659,Ilha Grande,PI,2021,9487
2204659,Ilha Grande,PI,2024,9501
2204709,Inhuma,PI,2019,15308
2204709,Inhuma,PI,2020,15319
2204709,Inhuma,PI,2021,15330
2204709,Inhuma,PI,2024,15259
2204808,Ipiranga do Piauí,PI,2019,9811
2204808,Ipiranga do Piauí,PI,2020,9838
2204808,Ipiranga do Piauí,PI,2021,9863
2204808,Ipiranga do Piauí,PI,2024,9620
2204907,Isaías Coelho,PI,2019,8549
2204907,Isaías Coelho,PI,2020,8566
2204907,Isaías Coelho,PI,2021,8582
2204907,Isaías Coelho,PI,2024,7886
2205003,Itainópolis,PI,2019,11530
2205003,Itainópolis,PI,2020,11551
2205003,Itainópolis,PI,2021,11571
2205003,Itainópolis,PI,2024,10980
2205102,Itaueira,PI,2019,11019
2205102,Itaueira,PI,2020,11028
2205102,Itaueira,PI,2021,11037
2205102,Itaueira,PI,2024,10493
2205151,Jacobina do Piauí,PI,2019,5741
2205151,Jacobina do Piauí,PI,2020,5729
2205151,Jacobina do Piauí,PI,2021,5718
2205151,Jacobina do Piauí,PI,2024,5715
2205201,Jaicós,PI,2019,19104
2205201,Jaicós,PI,2020,19170
2205201,Jaicós,PI,2021,19233
2205201,Jaicós,PI,2024,17811
2205250,Jardim do Mulato,PI,2019,4504
2205250,Jardim do Mulato,PI,2020,4513
2205250,Jardim do Mulato,PI,2021,4522
2205250,Jardim do Mulato,PI,2024,4251
2205276,Jatobá do Piauí,PI,2019,4865
2205276,Jatobá do Piauí,PI,2020,4875
2205276,Jatobá do Piauí,PI,2021,4885
2205276,Jatobá do Piauí,PI,2024,4568
2205300,Jerumenha,PI,2019,4452
2205300,Jerumenha,PI,2020,4447
2205300,Jerumenha,PI,2021,4443
2205300,Jerumenha,PI,2024,4600
2205359,João Costa,PI,2019,3008
2205359,João Costa,PI,2020,3005
2205359,João Costa,PI,2021,3003
2205359,João Costa,PI,2024,3031
2205409,Joaquim Pires,PI,2019,14354
2205409,Joaquim Pires,PI,2020,14376
2205409,Joaquim Pires,PI,2021,14396
2205409,Joaquim Pires,PI,2024,14175
2205458,Joca Marques,PI,2019,5443
2205458,Joca Marques,PI,2020,5466
2205458,Joca Marques,PI,2021,5488
2205458,Joca Marques,PI,2024,5535
2205508,José de Freitas,PI,2019,39208
2205508,José de Freitas,PI,2020,39336
2205508,José de Freitas,PI,2021,39457
2205508,José de Freitas,PI,2024,44391
2205516,Juazeiro do Piauí,PI,2019,5478
2205516,Juazeiro do Piauí,PI,2020,5485
2205516,Juazeiro do Piauí,PI,2021,5491
2205516,Juazeiro do Piauí,PI,2024,5311
2205524,Júlio Borges,PI,2019,5627
2205524,Júlio Borges,PI,2020,5640
2205524,Júlio Borges,PI,2021,5653
2205524,Júlio Borges,PI,2024,5499
2205532,Jurema,PI,2019,4763
2205532,Jurema,PI,2020,4777
2205532,Jurema,PI,2021,4790
2205532,Jurema,PI,2024,4505
2205540,Lagoinha do Piauí,PI,2019,2845
2205540,Lagoinha do Piauí,PI,2020,2858
2205540,Lagoinha do Piauí,PI,2021,2870
2205540,Lagoinha do Piauí,PI,2024,3029
2205557,Lagoa Alegre,PI,2019,8542
2205557,Lagoa Alegre,PI,2020,8577
2205557,Lagoa Alegre,PI,2021,8610
2205557,Lagoa Alegre,PI,2024,8449
2205565,Lagoa do Barro do Piauí,PI,2019,4655
2205565,Lagoa do Barro do Piauí,PI,2020,4656
2205565,Lagoa do Barro do Piauí,PI,2021,4658
2205565,Lagoa do Barro do Piauí,PI,2024,5146
2205573,Lagoa de São Francisco,PI,2019,6758
2205573,Lagoa de São Francisco,PI,2020,6777
2205573,Lagoa de São Francisco,PI,2021,6795
2205573,Lagoa de São Francisco,PI,2024,6449
2205581,Lagoa do Piauí,PI,2019,4064
2205581,Lagoa do Piauí,PI,2020,4075
2205581,Lagoa do Piauí,PI,2021,4086
2205581,Lagoa do Piauí,PI,2024,5009
2205599,Lagoa do Sítio,PI,2019,5177
2205599,Lagoa do Sítio,PI,2020,5198
2205599,Lagoa do Sítio,PI,2021,5219
2205599,Lagoa do Sítio,PI,2024,4575
2205607,Landri Sales,PI,2019,5295
2205607,Landri Sales,PI,2020,5283
2205607,Landri Sales,PI,2021,5272
2205607,Landri Sales,PI,2024,5311
2205706,Luís Correia,PI,2019,30311
2205706,Luís Correia,PI,2020,30438
2205706,Luís Correia,PI,2021,30558
2205706,Luís Correia,PI,2024,31775
2205805,Luzilândia,PI,2019,25486
2205805,Luzilândia,PI,2020,25504
2205805,Luzilândia,PI,2021,25521
2205805,Luzilândia,PI,2024,26204
2205854,Madeiro,PI,2019,8310
2205854,Madeiro,PI,2020,8342
2205854,Madeiro,PI,2021,8372
2205854,Madeiro,PI,2024,8218
2205904,Manoel Emídio,PI,2019,5349
2205904,Manoel Emídio,PI,2020,5351
2205904,Manoel Emídio,PI,2021,5352
2205904,Manoel Emídio,PI,2024,5314
2205953,Marcolândia,PI,2019,8492
2205953,Marcolândia,PI,2020,8543
2205953,Marcolândia,PI,2021,8590
2205953,Marcolândia,PI,2024,8783
2206001,Marcos Parente,PI,2019,4549
2206001,Marcos Parente,PI,2020,4547
2206001,Marcos Parente,PI,2021,4546
2206001,Marcos Parente,PI,2024,4848
2206050,Massapê do Piauí,PI,2019,6441
2206050,Massapê do Piauí,PI,2020,6449
2206050,Massapê do Piauí,PI,2021,6456
2206050,Massapê do Piauí,PI,2024,5215
2206100,Matias Olímpio,PI,2019,10936
2206100,Matias Olímpio,PI,2020,10958
2206100,Matias Olímpio,PI,2021,10979
2206100,Matias Olímpio,PI,2024,10875
2206209,Miguel Alves,PI,2019,33760
2206209,Miguel Alves,PI,2020,33833
2206209,Miguel Alves,PI,2021,33901
2206209,Miguel Alves,PI,2024,33071
2206308,Miguel Leão,PI,2019,1246
2206308,Miguel Leão,PI,2020,1242
2206308,Miguel Leão,PI,2021,1239
2206308,Miguel Leão,PI,2024,1352
2206357,Milton Brandão,PI,2019,6613
2206357,Milton Brandão,PI,2020,6608
2206357,Milton Brandão,PI,2021,6603
2206357,Milton Brandão,PI,2024,6678
2206407,Monsenhor Gil,PI,2019,10564
2206407,Monsenhor Gil,PI,2020,10564
2206407,Monsenhor Gil,PI,2021,10563
2206407,Monsenhor Gil,PI,2024,10455
2206506,Monsenhor Hipólito,PI,2019,7749
2206506,Monsenhor Hipólito,PI,2020,7767
2206506,Monsenhor Hipólito,PI,2021,7785
2206506,Monsenhor Hipólito,PI,2024,7751
2206605,Monte Alegre do Piauí,PI,2019,10613
2206605,Monte Alegre do Piauí,PI,2020,10615
2206605,Monte Alegre do Piauí,PI,2021,10618
2206605,Monte Alegre do Piauí,PI,2024,10910
2206654,Morro Cabeça no Tempo,PI,2019,4532
2206654,Morro Cabeça no Tempo,PI,2020,4530
2206654,Morro Cabeça no Tempo,PI,2021,4527
2206654,Morro Cabeça no Tempo,PI,2024,4458
2206670,Morro do Chapéu do Piauí,PI,2019,6796
2206670,Morro do Chapéu do Piauí,PI,2020,6811
2206670,Morro do Chapéu do Piauí,PI,2021,6825
2206670,Morro do Chapéu do Piauí,PI,2024,6547
2206696,Murici dos Portelas,PI,2019,9159
2206696,Murici dos Portelas,PI,2020,9209
2206696,Murici dos Portelas,PI,2021,9258
2206696,Murici dos Portelas,PI,2024,10139
2206704,Nazaré do Piauí,PI,2019,7339
2206704,Nazaré do Piauí,PI,2020,7322
2206704,Nazaré do Piauí,PI,2021,7307
2206704,Nazaré do Piauí,PI,2024,6729
2206720,Nazária,PI,2019,8570
2206720,Nazária,PI,2020,8602
2206720,Nazária,PI,2021,8632
2206720,Nazária,PI,2024,10706
2206753,Nossa Senhora de Nazaré,PI,2019,4870
2206753,Nossa Senhora de Nazaré,PI,2020,4891
2206753,Nossa Senhora de Nazaré,PI,2021,4911
2206753,Nossa Senhora de Nazaré,PI,2024,5406
2206803,Nossa Senhora dos Remédios,PI,2019,8692
2206803,Nossa Senhora dos Remédios,PI,2020,8723
2206803,Nossa Senhora dos Remédios,PI,2021,8751
2206803,Nossa Senhora dos Remédios,PI,2024,8732
2206902,Novo Oriente do Piauí,PI,2019,6565
2206902,Novo Oriente do Piauí,PI,2020,6556
2206902,Novo Oriente do Piauí,PI,2021,6548
2206902,Novo Oriente do Piauí,PI,2024,6178
2206951,Novo Santo Antônio,PI,2019,2991
2206951,Novo Santo Antônio,PI,2020,3003
2206951,Novo Santo Antônio,PI,2021,3014
2206951,Novo Santo Antônio,PI,2024,2886
2207009,Oeiras,PI,2019,37029
2207009,Oeiras,PI,2020,37085
2207009,Oeiras,PI,2021,37138
2207009,Oeiras,PI,2024,39545
2207108,Olho D'Água do Piauí,PI,2019,2459
2207108,Olho D'Água do Piauí,PI,2020,2468
2207108,Olho D'Água do Piauí,PI,2021,2477
2207108,Olho D'Água do Piauí,PI,2024,2725
2207207,Padre Marcos,PI,2019,6868
2207207,Padre Marcos,PI,2020,6873
2207207,Padre Marcos,PI,2021,6879
2207207,Padre Marcos,PI,2024,6481
2207306,Paes Landim,PI,2019,4129
2207306,Paes Landim,PI,2020,4126
2207306,Paes Landim,PI,2021,4124
2207306,Paes Landim,PI,2024,4174
2207355,Pajeú do Piauí,PI,2019,3389
2207355,Pajeú do Piauí,PI,2020,3404
2207355,Pajeú do Piauí,PI,2021,3416
2207355,Pajeú do Piauí,PI,2024,3041
2207405,Palmeira do Piauí,PI,2019,5043
2207405,Palmeira do Piauí,PI,2020,5036
2207405,Palmeira do Piauí,PI,2021,5029
2207405,Palmeira do Piauí,PI,2024,5048
2207504,Palmeirais,PI,2019,14539
2207504,Palmeirais,PI,2020,14587
2207504,Palmeirais,PI,2021,14633
2207504,Palmeirais,PI,2024,13480
2207553,Paquetá,PI,2019,3945
2207553,Paquetá,PI,2020,3937
2207553,Paquetá,PI,2021,3931
2207553,Paquetá,PI,2024,3878
2207603,Parnaguá,PI,2019,10791
2207603,Parnaguá,PI,2020,10819
2207603,Parnaguá,PI,2021,10846
2207603,Parnaguá,PI,2024,10289
2207702,Parnaíba,PI,2019,153078
2207702,Parnaíba,PI,2020,153482
2207702,Parnaíba,PI,2021,153863
2207702,Parnaíba,PI,2024,169552
2207751,Passagem Franca do Piauí,PI,2019,4313
2207751,Passagem Franca do Piauí,PI,2020,4323
2207751,Passagem Franca do Piauí,PI,2021,4331
2207751,Passagem Franca do Piauí,PI,2024,4220
2207777,Patos do Piauí,PI,2019,6392
2207777,Patos do Piauí,PI,2020,6406
2207777,Patos do Piauí,PI,2021,6420
2207777,Patos do Piauí,PI,2024,5461
2207793,Pau D'Arco do Piauí,PI,2019,4045
2207793,Pau D'Arco do Piauí,PI,2020,4065
2207793,Pau D'Arco do Piauí,PI,2021,4084
2207793,Pau D'Arco do Piauí,PI,2024,3972
2207801,Paulistana,PI,2019,20523
2207801,Paulistana,PI,2020,20554
2207801,Paulistana,PI,2021,20583
2207801,Paulistana,PI,2024,21601
2207850,Pavussu,PI,2019,3677
2207850,Pavussu,PI,2020,3669
2207850,Pavussu,PI,2021,3662
2207850,Pavussu,PI,2024,3698
2207900,Pedro II,PI,2019,38742
2207900,Pedro II,PI,2020,38778
2207900,Pedro II,PI,2021,38812
2207900,Pedro II,PI,2024,39039
2207934,Pedro Laurentino,PI,2019,2536
2207934,Pedro Laurentino,PI,2020,2544
2207934,Pedro Laurentino,PI,2021,2551
2207934,Pedro Laurentino,PI,2024,2514
2207959,Nova Santa Rita,PI,2019,4374
2207959,Nova Santa Rita,PI,2020,4383
2207959,Nova Santa Rita,PI,2021,4392
2207959,Nova Santa Rita,PI,2024,4147
2208007,Picos,PI,2019,78222
2208007,Picos,PI,2020,78431
2208007,Picos,PI,2021,78627
2208007,Picos,PI,2024,86228
2208106,Pimenteiras,PI,2019,12127
2208106,Pimenteiras,PI,2020,12139
2208106,Pimenteiras,PI,2021,12150
2208106,Pimenteiras,PI,2024,11528
2208205,Pio IX,PI,2019,18425
2208205,Pio IX,PI,2020,18459
2208205,Pio IX,PI,2021,18492
2208205,Pio IX,PI,2024,17947
2208304,Piracuruca,PI,2019,28791
2208304,Piracuruca,PI,2020,28874
2208304,Piracuruca,PI,2021,28952
2208304,Piracuruca,PI,2024,29849
2208403,Piripiri,PI,2019,63742
2208403,Piripiri,PI,2020,63787
2208403,Piripiri,PI,2021,63829
2208403,Piripiri,PI,2024,67676
2208502,Porto,PI,2019,12568
2208502,Porto,PI,2020,12608
2208502,Porto,PI,2021,12646
2208502,Porto,PI,2024,12312
2208551,Porto Alegre do Piauí,PI,2019,2710
2208551,Porto Alegre do Piauí,PI,2020,2720
2208551,Porto Alegre do Piauí,PI,2021,2728
2208551,Porto Alegre do Piauí,PI,2024,2391
2208601,Prata do Piauí,PI,2019,3151
2208601,Prata do Piauí,PI,2020,3150
2208601,Prata do Piauí,PI,2021,3149
2208601,Prata do Piauí,PI,2024,3098
2208650,Queimada Nova,PI,2019,8992
2208650,Queimada Nova,PI,2020,9017
2208650,Queimada Nova,PI,2021,9041
2208650,Queimada Nova,PI,2024,8936
2208700,Redenção do Gurguéia,PI,2019,8778
2208700,Redenção do Gurguéia,PI,2020,8796
2208700,Redenção do Gurguéia,PI,2021,8814
2208700,Redenção do Gurguéia,PI,2024,8563
2208809,Regeneração,PI,2019,17978
2208809,Regeneração,PI,2020,17979
2208809,Regeneração,PI,2021,17979
2208809,Regeneração,PI,2024,17418
2208858,Riacho Frio,PI,2019,4312
2208858,Riacho Frio,PI,2020,4309
2208858,Riacho Frio,PI,2021,4306
2208858,Riacho Frio,PI,2024,4241
2208874,Ribeira do Piauí,PI,2019,4477
2208874,Ribeira do Piauí,PI,2020,4488
2208874,Ribeira do Piauí,PI,2021,4499
2208874,Ribeira do Piauí,PI,2024,4114
2208908,Ribeiro Gonçalves,PI,2019,7341
2208908,Ribeiro Gonçalves,PI,2020,7376
2208908,Ribeiro Gonçalves,PI,2021,7408
2208908,Ribeiro Gonçalves,PI,2024,6215
2209005,Rio Grande do Piauí,PI,2019,6432
2209005,Rio Grande do Piauí,PI,2020,6433
2209005,Rio Grande do Piauí,PI,2021,6434
2209005,Rio Grande do Piauí,PI,2024,5868
2209104,Santa Cruz do Piauí,PI,2019,6240
2209104,Santa Cruz do Piauí,PI,2020,6247
2209104,Santa Cruz do Piauí,PI,2021,6254
2209104,Santa Cruz do Piauí,PI,2024,5928
2209153,Santa Cruz dos Milagres,PI,2019,4019
2209153,Santa Cruz dos Milagres,PI,2020,4033
2209153,Santa Cruz dos Milagres,PI,2021,4046
2209153,Santa Cruz dos Milagres,PI,2024,3466
2209203,Santa Filomena,PI,2019,6253
2209203,Santa Filomena,PI,2020,6254
2209203,Santa Filomena,PI,2021,6256
2209203,Santa Filomena,PI,2024,6209
2209302,Santa Luz,PI,2019,5860
2209302,Santa Luz,PI,2020,5882
2209302,Santa Luz,PI,2021,5903
2209302,Santa Luz,PI,2024,5425
2209351,Santana do Piauí,PI,2019,4634
2209351,Santana do Piauí,PI,2020,4642
2209351,Santana do Piauí,PI,2021,4650
2209351,Santana do Piauí,PI,2024,4174
2209377,Santa Rosa do Piauí,PI,2019,5257
2209377,Santa Rosa do Piauí,PI,2020,5255
2209377,Santa Rosa do Piauí,PI,2021,5254
2209377,Santa Rosa do Piauí,PI,2024,4690
2209401,Santo Antônio de Lisboa,PI,2019,6415
2209401,Santo Antônio de Lisboa,PI,2020,6441
2209401,Santo Antônio de Lisboa,PI,2021,6466
2209401,Santo Antônio de Lisboa,PI,2024,5938
2209450,Santo Antônio dos Milagres,PI,2019,2161
2209450,Santo Antônio dos Milagres,PI,2020,2166
2209450,Santo Antônio dos Milagres,PI,2021,2172
2209450,Santo Antônio dos Milagres,PI,2024,2189
2209500,Santo Inácio do Piauí,PI,2019,3798
2209500,Santo Inácio do Piauí,PI,2020,3803
2209500,Santo Inácio do Piauí,PI,2021,3809
2209500,Santo Inácio do Piauí,PI,2024,3719
2209559,São Braz do Piauí,PI,2019,4448
2209559,São Braz do Piauí,PI,2020,4451
2209559,São Braz do Piauí,PI,2021,4454
2209559,São Braz do Piauí,PI,2024,4451
2209609,São Félix do Piauí,PI,2019,2942
2209609,São Félix do Piauí,PI,2020,2932
2209609,São Félix do Piauí,PI,2021,2923
2209609,São Félix do Piauí,PI,2024,2885
2209658,São Francisco de Assis do Piauí,PI,2019,5755
2209658,São Francisco de Assis do Piauí,PI,2020,5779
2209658,São Francisco de Assis do Piauí,PI,2021,5801
2209658,São Francisco de Assis do Piauí,PI,2024,5703
2209708,São Francisco do Piauí,PI,2019,6423
2209708,São Francisco do Piauí,PI,2020,6420
2209708,São Francisco do Piauí,PI,2021,6417
2209708,São Francisco do Piauí,PI,2024,5404
2209757,São Gonçalo do Gurguéia,PI,2019,3041
2209757,São Gonçalo do Gurguéia,PI,2020,3057
2209757,São Gonçalo do Gurguéia,PI,2021,3071
2209757,São Gonçalo do Gurguéia,PI,2024,3019
2209807,São Gonçalo do Piauí,PI,2019,5015
2209807,São Gonçalo do Piauí,PI,2020,5030
2209807,São Gonçalo do Piauí,PI,2021,5044
2209807,São Gonçalo do Piauí,PI,2024,4944
2209856,São João da Canabrava,PI,2019,4608
2209856,São João da Canabrava,PI,2020,4614
2209856,São João da Canabrava,PI,2021,4619
2209856,São João da Canabrava,PI,2024,4306
2209872,São João da Fronteira,PI,2019,6042
2209872,São João da Fronteira,PI,2020,6064
2209872,São João da Fronteira,PI,2021,6084
2209872,São João da Fronteira,PI,2024,5615
2209906,São João da Serra,PI,2019,6139
2209906,São João da Serra,PI,2020,6122
2209906,São João da Serra,PI,2021,6106
2209906,São João da Serra,PI,2024,6233
2209955,São João da Varjota,PI,2019,4840
2209955,São João da Varjota,PI,2020,4848
2209955,São João da Varjota,PI,2021,4856
2209955,São João da Varjota,PI,2024,4443
2209971,São João do Arraial,PI,2019,7989
2209971,São João do Arraial,PI,2020,8038
2209971,São João do Arraial,PI,2021,8085
2209971,São João do Arraial,PI,2024,8443
2210003,São João do Piauí,PI,2019,20601
2210003,São João do Piauí,PI,2020,20662
2210003,São João do Piauí,PI,2021,20720
2210003,São João do Piauí,PI,2024,22036
2210052,São José do Divino,PI,2019,5346
2210052,São José do Divino,PI,2020,5354
2210052,São José do Divino,PI,2021,5361
2210052,São José do Divino,PI,2024,4906
2210102,São José do Peixe,PI,2019,3745
2210102,São José do Peixe,PI,2020,3741
2210102,São José do Peixe,PI,2021,3737
2210102,São José do Peixe,PI,2024,3320
2210201,São José do Piauí,PI,2019,6705
2210201,São José do Piauí,PI,2020,6700
2210201,São José do Piauí,PI,2021,6696
2210201,São José do Piauí,PI,2024,6732
2210300,São Julião,PI,2019,6363
2210300,São Julião,PI,2020,6371
2210300,São Julião,PI,2021,6379
2210300,São Julião,PI,2024,6135
2210359,São Lourenço do Piauí,PI,2019,4573
2210359,São Lourenço do Piauí,PI,2020,4577
2210359,São Lourenço do Piauí,PI,2021,4581
2210359,São Lourenço do Piauí,PI,2024,4497
2210375,São Luis do Piauí,PI,2019,2644
2210375,São Luis do Piauí,PI,2020,2646
2210375,São Luis do Piauí,PI,2021,2648
2210375,São Luis do Piauí,PI,2024,2329
2210383,São Miguel da Baixa Grande,PI,2019,2452
2210383,São Miguel da Baixa Grande,PI,2020,2454
2210383,São Miguel da Baixa Grande,PI,2021,2456
2210383,São Miguel da Baixa Grande,PI,2024,2304
2210391,São Miguel do Fidalgo,PI,2019,3039
2210391,São Miguel do Fidalgo,PI,2020,3038
2210391,São Miguel do Fidalgo,PI,2021,3037
2210391,São Miguel do Fidalgo,PI,2024,2870
2210409,São Miguel do Tapuio,PI,2019,17662
2210409,São Miguel do Tapuio,PI,2020,17639
2210409,São Miguel do Tapuio,PI,2021,17617
2210409,São Miguel do Tapuio,PI,2024,17902
2210508,São Pedro do Piauí,PI,2019,14291
2210508,São Pedro do Piauí,PI,2020,14324
2210508,São Pedro do Piauí,PI,2021,14356
2210508,São Pedro do Piauí,PI,2024,14046
2210607,São Raimundo Nonato,PI,2019,34710
2210607,São Raimundo Nonato,PI,2020,34877
2210607,São Raimundo Nonato,PI,2021,35035
2210607,São Raimundo Nonato,PI,2024,40784
2210623,Sebastião Barros,PI,2019,3469
2210623,Sebastião Barros,PI,2020,3451
2210623,Sebastião Barros,PI,2021,3434
2210623,Sebastião Barros,PI,2024,3228
2210631,Sebastião Leal,PI,2019,4294
2210631,Sebastião Leal,PI,2020,4303
2210631,Sebastião Leal,PI,2021,4311
2210631,Sebastião Leal,PI,2024,4572
2210656,Sigefredo Pacheco,PI,2019,10041
2210656,Sigefredo Pacheco,PI,2020,10058
2210656,Sigefredo Pacheco,PI,2021,10074
2210656,Sigefredo Pacheco,PI,2024,9631
2210706,Simões,PI,2019,14633
2210706,Simões,PI,2020,14649
2210706,Simões,PI,2021,14664
2210706,Simões,PI,2024,14650
2210805,Simplício Mendes,PI,2019,12711
2210805,Simplício Mendes,PI,2020,12746
2210805,Simplício Mendes,PI,2021,12778
2210805,Simplício Mendes,PI,2024,14342
2210904,Socorro do Piauí,PI,2019,4569
2210904,Socorro do Piauí,PI,2020,4563
2210904,Socorro do Piauí,PI,2021,4557
2210904,Socorro do Piauí,PI,2024,4184
2210938,Sussuapara,PI,2019,6730
2210938,Sussuapara,PI,2020,6767
2210938,Sussuapara,PI,2021,6801
2210938,Sussuapara,PI,2024,6345
2210953,Tamboril do Piauí,PI,2019,2919
2210953,Tamboril do Piauí,PI,2020,2929
2210953,Tamboril do Piauí,PI,2021,2939
2210953,Tamboril do Piauí,PI,2024,3029
2210979,Tanque do Piauí,PI,2019,2765
2210979,Tanque do Piauí,PI,2020,2773
2210979,Tanque do Piauí,PI,2021,2781
2210979,Tanque do Piauí,PI,2024,2330
2211001,Teresina,PI,2019,864845
2211001,Teresina,PI,2020,868075
2211001,Teresina,PI,2021,871126
2211001,Teresina,PI,2024,902644
2211100,União,PI,2019,44485
2211100,União,PI,2020,44569
2211100,União,PI,2021,44649
2211100,União,PI,2024,47707
2211209,Uruçuí,PI,2019,21558
2211209,Uruçuí,PI,2020,21655
2211209,Uruçuí,PI,2021,21746
2211209,Uruçuí,PI,2024,26501
2211308,Valença do Piauí,PI,2019,20918
2211308,Valença do Piauí,PI,2020,20929
2211308,Valença do Piauí,PI,2021,20940
2211308,Valença do Piauí,PI,2024,22920
2211357,Várzea Branca,PI,2019,4947
2211357,Várzea Branca,PI,2020,4938
2211357,Várzea Branca,PI,2021,4930
2211357,Várzea Branca,PI,2024,5173
2211407,Várzea Grande,PI,2019,4391
2211407,Várzea Grande,PI,2020,4386
2211407,Várzea Grande,PI,2021,4382
2211407,Várzea Grande,PI,2024,4515
2211506,Vera Mendes,PI,2019,3077
2211506,Vera Mendes,PI,2020,3080
2211506,Vera Mendes,PI,2021,3082
2211506,Vera Mendes,PI,2024,3271
2211605,Vila Nova do Piauí,PI,2019,2971
2211605,Vila Nova do Piauí,PI,2020,2952
2211605,Vila Nova do Piauí,PI,2021,2935
2211605,Vila Nova do Piauí,PI,2024,2979
2211704,Wall Ferraz,PI,2019,4462
2211704,Wall Ferraz,PI,2020,4471
2211704,Wall Ferraz,PI,2021,4479
2211704,Wall Ferraz,PI,2024,4117
