municipio_id,municipio_nome,mesorregiao,ano,mortalidade_infantil,cobertura_vacinal,leitos_sus_por_1000hab,estabelecimentos_saude,fonte
2200053,Acauã,Norte Piauiense,2019,12.88,57.79,2.54,7,DATASUS (simulado)
2200053,Acauã,Norte Piauiense,2020,20.19,61.82,2.78,26,DATASUS (simulado)
2200053,Acauã,Norte Piauiense,2021,23.08,71.06,1.18,10,DATASUS (simulado)
2200053,Acauã,Norte Piauiense,2022,14.19,73.48,2.12,10,DATASUS (simulado)
2200053,Acauã,Norte Piauiense,2023,7.83,77.53,1.37,15,DATASUS (simulado)
2200103,Agricolândia,Norte Piauiense,2019,12.77,77.06,2.25,15,DATASUS (simulado)
2200103,Agricolândia,Norte Piauiense,2020,16.09,72.0,1.44,6,DATASUS (simulado)
2200103,Agricolândia,Norte Piauiense,2021,11.93,90.16,2.61,9,DATASUS (simulado)
2200103,Agricolândia,Norte Piauiense,2022,11.47,62.95,1.94,16,DATASUS (simulado)
2200103,Agricolândia,Norte Piauiense,2023,5.0,78.09,1.35,15,DATASUS (simulado)
2200202,Água Branca,Centro-Norte Piauiense,2019,16.59,70.56,0.69,14,DATASUS (simulado)
2200202,Água Branca,Centro-Norte Piauiense,2020,23.44,81.7,2.55,6,DATASUS (simulado)
2200202,Água Branca,Centro-Norte Piauiense,2021,21.91,53.28,1.97,21,DATASUS (simulado)
2200202,Água Branca,Centro-Norte Piauiense,2022,10.88,63.98,1.04,39,DATASUS (simulado)
2200202,Água Branca,Centro-Norte Piauiense,2023,19.06,62.4,1.74,13,DATASUS (simulado)
2200251,Alagoinha do Piauí,Norte Piauiense,2019,11.78,70.93,1.23,5,DATASUS (simulado)
2200251,Alagoinha do Piauí,Norte Piauiense,2020,16.94,88.31,1.79,18,DATASUS (simulado)
2200251,Alagoinha do Piauí,Norte Piauiense,2021,14.78,76.56,2.09,9,DATASUS (simulado)
2200251,Alagoinha do Piauí,Norte Piauiense,2022,17.18,61.53,1.71,29,DATASUS (simulado)
2200251,Alagoinha do Piauí,Norte Piauiense,2023,16.66,71.02,2.8,18,DATASUS (simulado)
2200277,Alegrete do Piauí,Norte Piauiense,2019,15.62,89.03,0.74,37,DATASUS (simulado)
2200277,Alegrete do Piauí,Norte Piauiense,2020,21.63,76.62,1.8,6,DATASUS (simulado)
2200277,Alegrete do Piauí,Norte Piauiense,2021,18.25,74.07,1.46,10,DATASUS (simulado)
2200277,Alegrete do Piauí,Norte Piauiense,2022,14.94,93.93,1.46,19,DATASUS (simulado)
2200277,Alegrete do Piauí,Norte Piauiense,2023,13.15,92.01,2.14,33,DATASUS (simulado)
2200301,Alto Longá,Centro-Norte Piauiense,2019,24.88,61.68,1.19,31,DATASUS (simulado)
2200301,Alto Longá,Centro-Norte Piauiense,2020,24.18,66.25,1.44,17,DATASUS (simulado)
2200301,Alto Longá,Centro-Norte Piauiense,2021,20.43,58.83,1.12,33,DATASUS (simulado)
2200301,Alto Longá,Centro-Norte Piauiense,2022,10.86,98.0,2.32,31,DATASUS (simulado)
2200301,Alto Longá,Centro-Norte Piauiense,2023,13.24,83.82,2.12,30,DATASUS (simulado)
2200400,Altos,Centro-Norte Piauiense,2019,10.61,63.81,1.0,30,DATASUS (simulado)
2200400,Altos,Centro-Norte Piauiense,2020,21.67,74.44,3.21,29,DATASUS (simulado)
2200400,Altos,Centro-Norte Piauiense,2021,18.24,62.11,1.45,8,DATASUS (simulado)
2200400,Altos,Centro-Norte Piauiense,2022,14.63,93.21,2.23,35,DATASUS (simulado)
2200400,Altos,Centro-Norte Piauiense,2023,6.61,98.0,1.98,26,DATASUS (simulado)
2200459,Alvorada do Gurguéia,Norte Piauiense,2019,16.37,64.32,1.48,27,DATASUS (simulado)
2200459,Alvorada do Gurguéia,Norte Piauiense,2020,28.24,71.89,1.43,13,DATASUS (simulado)
2200459,Alvorada do Gurguéia,Norte Piauiense,2021,14.56,72.9,1.41,30,DATASUS (simulado)
2200459,Alvorada do Gurguéia,Norte Piauiense,2022,9.85,51.99,2.14,6,DATASUS (simulado)
2200459,Alvorada do Gurguéia,Norte Piauiense,2023,14.96,53.18,0.5,31,DATASUS (simulado)
2200509,Amarante,Norte Piauiense,2019,6.96,75.62,1.33,28,DATASUS (simulado)
2200509,Amarante,Norte Piauiense,2020,13.44,59.27,2.03,28,DATASUS (simulado)
2200509,Amarante,Norte Piauiense,2021,19.09,64.74,1.44,25,DATASUS (simulado)
2200509,Amarante,Norte Piauiense,2022,10.0,84.09,1.9,24,DATASUS (simulado)
2200509,Amarante,Norte Piauiense,2023,9.32,76.78,1.89,5,DATASUS (simulado)
2200608,Angical do Piauí,Norte Piauiense,2019,17.97,55.92,0.79,23,DATASUS (simulado)
2200608,Angical do Piauí,Norte Piauiense,2020,14.59,46.0,0.88,20,DATASUS (simulado)
2200608,Angical do Piauí,Norte Piauiense,2021,23.82,53.19,1.65,18,DATASUS (simulado)
2200608,Angical do Piauí,Norte Piauiense,2022,17.32,88.18,0.83,34,DATASUS (simulado)
2200608,Angical do Piauí,Norte Piauiense,2023,29.78,52.24,1.69,5,DATASUS (simulado)
2200707,Anísio de Abreu,Norte Piauiense,2019,12.93,69.64,1.32,23,DATASUS (simulado)
2200707,Anísio de Abreu,Norte Piauiense,2020,20.06,54.26,2.61,27,DATASUS (simulado)
2200707,Anísio de Abreu,Norte Piauiense,2021,13.85,77.83,0.92,27,DATASUS (simulado)
2200707,Anísio de Abreu,Norte Piauiense,2022,16.53,73.49,1.67,7,DATASUS (simulado)
2200707,Anísio de Abreu,Norte Piauiense,2023,15.22,84.04,2.17,28,DATASUS (simulado)
2200806,Antônio Almeida,Norte Piauiense,2019,18.65,81.92,1.98,20,DATASUS (simulado)
2200806,Antônio Almeida,Norte Piauiense,2020,23.45,56.4,1.43,22,DATASUS (simulado)
2200806,Antônio Almeida,Norte Piauiense,2021,10.22,71.12,1.14,22,DATASUS (simulado)
2200806,Antônio Almeida,Norte Piauiense,2022,8.39,63.6,2.42,16,DATASUS (simulado)
2200806,Antônio Almeida,Norte Piauiense,2023,5.52,67.69,2.27,34,DATASUS (simulado)
2200905,Aroazes,Norte Piauiense,2019,19.92,70.81,1.63,34,DATASUS (simulado)
2200905,Aroazes,Norte Piauiense,2020,16.16,79.86,1.79,36,DATASUS (simulado)
2200905,Aroazes,Norte Piauiense,2021,12.75,68.5,1.96,29,DATASUS (simulado)
2200905,Aroazes,Norte Piauiense,2022,5.71,67.67,1.59,8,DATASUS (simulado)
2200905,Aroazes,Norte Piauiense,2023,19.47,88.96,1.86,38,DATASUS (simulado)
2200954,Aroeiras do Itaim,Centro-Norte Piauiense,2019,20.54,98.0,2.32,16,DATASUS (simulado)
2200954,Aroeiras do Itaim,Centro-Norte Piauiense,2020,14.98,85.87,2.79,11,DATASUS (simulado)
2200954,Aroeiras do Itaim,Centro-Norte Piauiense,2021,18.49,88.11,2.09,25,DATASUS (simulado)
2200954,Aroeiras do Itaim,Centro-Norte Piauiense,2022,15.06,53.1,1.78,30,DATASUS (simulado)
2200954,Aroeiras do Itaim,Centro-Norte Piauiense,2023,13.85,91.43,1.89,39,DATASUS (simulado)
2201002,Arraial,Norte Piauiense,2019,15.77,76.12,0.79,24,DATASUS (simulado)
2201002,Arraial,Norte Piauiense,2020,15.46,67.04,1.53,21,DATASUS (simulado)
2201002,Arraial,Norte Piauiense,2021,28.56,62.84,2.24,13,DATASUS (simulado)
2201002,Arraial,Norte Piauiense,2022,11.91,71.62,1.5,29,DATASUS (simulado)
2201002,Arraial,Norte Piauiense,2023,18.94,88.68,1.27,34,DATASUS (simulado)
2201051,Assunção do Piauí,Norte Piauiense,2019,15.45,83.83,1.43,21,DATASUS (simulado)
2201051,Assunção do Piauí,Norte Piauiense,2020,15.14,73.09,1.82,28,DATASUS (simulado)
2201051,Assunção do Piauí,Norte Piauiense,2021,8.52,73.88,2.37,21,DATASUS (simulado)
2201051,Assunção do Piauí,Norte Piauiense,2022,21.31,84.75,1.5,29,DATASUS (simulado)
2201051,Assunção do Piauí,Norte Piauiense,2023,17.73,88.26,2.24,30,DATASUS (simulado)
2201101,Avelino Lopes,Norte Piauiense,2019,21.8,66.0,1.77,27,DATASUS (simulado)
2201101,Avelino Lopes,Norte Piauiense,2020,16.28,66.5,1.94,39,DATASUS (simulado)
2201101,Avelino Lopes,Norte Piauiense,2021,21.69,53.55,1.59,39,DATASUS (simulado)
2201101,Avelino Lopes,Norte Piauiense,2022,14.33,54.13,2.92,7,DATASUS (simulado)
2201101,Avelino Lopes,Norte Piauiense,2023,11.07,79.73,1.41,19,DATASUS (simulado)
2201150,Baixa Grande do Ribeiro,Norte Piauiense,2019,15.64,78.28,2.52,26,DATASUS (simulado)
2201150,Baixa Grande do Ribeiro,Norte Piauiense,2020,19.83,53.68,1.96,6,DATASUS (simulado)
2201150,Baixa Grande do Ribeiro,Norte Piauiense,2021,18.82,77.95,1.85,39,DATASUS (simulado)
2201150,Baixa Grande do Ribeiro,Norte Piauiense,2022,13.95,69.51,1.03,14,DATASUS (simulado)
2201150,Baixa Grande do Ribeiro,Norte Piauiense,2023,16.61,72.98,1.5,24,DATASUS (simulado)
2201176,Barra D'Alcântara,Centro-Norte Piauiense,2019,11.04,83.52,1.63,34,DATASUS (simulado)
2201176,Barra D'Alcântara,Centro-Norte Piauiense,2020,11.07,73.1,2.15,29,DATASUS (simulado)
2201176,Barra D'Alcântara,Centro-Norte Piauiense,2021,17.09,65.32,1.3,10,DATASUS (simulado)
2201176,Barra D'Alcântara,Centro-Norte Piauiense,2022,13.11,83.98,1.88,38,DATASUS (simulado)
2201176,Barra D'Alcântara,Centro-Norte Piauiense,2023,20.01,93.45,0.99,38,DATASUS (simulado)
2201200,Barras,Centro-Norte Piauiense,2019,14.85,73.76,1.84,7,DATASUS (simulado)
2201200,Barras,Centro-Norte Piauiense,2020,16.53,78.06,1.27,13,DATASUS (simulado)
2201200,Barras,Centro-Norte Piauiense,2021,16.75,68.33,1.3,22,DATASUS (simulado)
2201200,Barras,Centro-Norte Piauiense,2022,9.45,84.41,1.61,29,DATASUS (simulado)
2201200,Barras,Centro-Norte Piauiense,2023,16.48,97.32,2.79,38,DATASUS (simulado)
2201309,Barreiras do Piauí,Centro-Norte Piauiense,2019,5.0,67.74,1.79,7,DATASUS (simulado)
2201309,Barreiras do Piauí,Centro-Norte Piauiense,2020,5.46,78.02,2.42,9,DATASUS (simulado)
2201309,Barreiras do Piauí,Centro-Norte Piauiense,2021,9.45,82.78,1.76,22,DATASUS (simulado)
2201309,Barreiras do Piauí,Centro-Norte Piauiense,2022,14.2,72.07,1.99,21,DATASUS (simulado)
2201309,Barreiras do Piauí,Centro-Norte Piauiense,2023,17.93,78.71,2.81,31,DATASUS (simulado)
2201408,Barro Duro,Centro-Norte Piauiense,2019,19.31,79.87,2.12,28,DATASUS (simulado)
2201408,Barro Duro,Centro-Norte Piauiense,2020,17.86,81.2,2.21,29,DATASUS (simulado)
2201408,Barro Duro,Centro-Norte Piauiense,2021,17.14,58.72,2.1,9,DATASUS (simulado)
2201408,Barro Duro,Centro-Norte Piauiense,2022,12.44,64.96,1.45,6,DATASUS (simulado)
2201408,Barro Duro,Centro-Norte Piauiense,2023,16.47,75.31,2.44,6,DATASUS (simulado)
2201507,Batalha,Centro-Norte Piauiense,2019,21.0,50.0,1.63,35,DATASUS (simulado)
2201507,Batalha,Centro-Norte Piauiense,2020,17.02,59.59,1.71,23,DATASUS (simulado)
2201507,Batalha,Centro-Norte Piauiense,2021,17.48,79.45,1.57,19,DATASUS (simulado)
2201507,Batalha,Centro-Norte Piauiense,2022,17.29,69.53,1.82,8,DATASUS (simulado)
2201507,Batalha,Centro-Norte Piauiense,2023,20.92,55.11,1.68,5,DATASUS (simulado)
2201556,Bela Vista do Piauí,Sudeste Piauiense,2019,12.55,64.0,2.66,39,DATASUS (simulado)
2201556,Bela Vista do Piauí,Sudeste Piauiense,2020,7.2,80.62,2.27,15,DATASUS (simulado)
2201556,Bela Vista do Piauí,Sudeste Piauiense,2021,13.12,59.23,2.65,38,DATASUS (simulado)
2201556,Bela Vista do Piauí,Sudeste Piauiense,2022,8.94,68.9,2.03,36,DATASUS (simulado)
2201556,Bela Vista do Piauí,Sudeste Piauiense,2023,19.7,73.96,1.42,26,DATASUS (simulado)
2201572,Belém do Piauí,Sudeste Piauiense,2019,18.34,73.36,1.52,5,DATASUS (simulado)
2201572,Belém do Piauí,Sudeste Piauiense,2020,23.61,77.65,1.23,38,DATASUS (simulado)
2201572,Belém do Piauí,Sudeste Piauiense,2021,9.28,80.74,1.65,12,DATASUS (simulado)
2201572,Belém do Piauí,Sudeste Piauiense,2022,20.8,65.41,1.45,33,DATASUS (simulado)
2201572,Belém do Piauí,Sudeste Piauiense,2023,18.43,79.11,1.92,7,DATASUS (simulado)
2201606,Beneditinos,Centro-Norte Piauiense,2019,20.21,58.59,2.06,28,DATASUS (simulado)
2201606,Beneditinos,Centro-Norte Piauiense,2020,17.81,68.91,1.55,18,DATASUS (simulado)
2201606,Beneditinos,Centro-Norte Piauiense,2021,23.68,79.17,2.34,24,DATASUS (simulado)
2201606,Beneditinos,Centro-Norte Piauiense,2022,9.35,62.6,1.22,6,DATASUS (simulado)
2201606,Beneditinos,Centro-Norte Piauiense,2023,15.73,58.78,2.09,17,DATASUS (simulado)
2201705,Bertolínia,Centro-Norte Piauiense,2019,13.26,68.12,1.51,35,DATASUS (simulado)
2201705,Bertolínia,Centro-Norte Piauiense,2020,21.68,85.63,2.61,29,DATASUS (simulado)
2201705,Bertolínia,Centro-Norte Piauiense,2021,15.17,80.96,1.96,28,DATASUS (simulado)
2201705,Bertolínia,Centro-Norte Piauiense,2022,10.17,78.37,2.0,26,DATASUS (simulado)
2201705,Bertolínia,Centro-Norte Piauiense,2023,9.7,68.5,2.01,17,DATASUS (simulado)
2201739,Betânia do Piauí,Sudeste Piauiense,2019,13.95,50.0,0.98,30,DATASUS (simulado)
2201739,Betânia do Piauí,Sudeste Piauiense,2020,22.44,65.63,1.29,15,DATASUS (simulado)
2201739,Betânia do Piauí,Sudeste Piauiense,2021,14.91,77.53,2.22,35,DATASUS (simulado)
2201739,Betânia do Piauí,Sudeste Piauiense,2022,25.84,68.15,1.73,24,DATASUS (simulado)
2201739,Betânia do Piauí,Sudeste Piauiense,2023,19.83,76.45,1.26,11,DATASUS (simulado)
2201770,Boa Hora,Sudeste Piauiense,2019,17.98,98.0,2.53,7,DATASUS (simulado)
2201770,Boa Hora,Sudeste Piauiense,2020,16.75,89.83,1.63,16,DATASUS (simulado)
2201770,Boa Hora,Sudeste Piauiense,2021,10.88,65.88,1.7,12,DATASUS (simulado)
2201770,Boa Hora,Sudeste Piauiense,2022,15.96,75.19,2.38,36,DATASUS (simulado)
2201770,Boa Hora,Sudeste Piauiense,2023,28.37,76.26,1.39,36,DATASUS (simulado)
2201804,Bocaina,Centro-Norte Piauiense,2019,19.94,64.59,3.24,32,DATASUS (simulado)
2201804,Bocaina,Centro-Norte Piauiense,2020,18.92,53.54,1.56,34,DATASUS (simulado)
2201804,Bocaina,Centro-Norte Piauiense,2021,7.19,63.82,1.94,28,DATASUS (simulado)
2201804,Bocaina,Centro-Norte Piauiense,2022,5.88,59.65,0.91,38,DATASUS (simulado)
2201804,Bocaina,Centro-Norte Piauiense,2023,24.89,83.42,1.67,38,DATASUS (simulado)
2201903,Bom Jesus,Centro-Norte Piauiense,2019,18.11,89.04,1.17,22,DATASUS (simulado)
2201903,Bom Jesus,Centro-Norte Piauiense,2020,7.07,84.6,2.2,39,DATASUS (simulado)
2201903,Bom Jesus,Centro-Norte Piauiense,2021,12.13,84.73,2.64,18,DATASUS (simulado)
2201903,Bom Jesus,Centro-Norte Piauiense,2022,20.58,75.13,2.4,18,DATASUS (simulado)
2201903,Bom Jesus,Centro-Norte Piauiense,2023,5.0,78.26,1.23,29,DATASUS (simulado)
2201919,Bom Princípio do Piauí,Sudoeste Piauiense,2019,17.98,54.04,2.25,16,DATASUS (simulado)
2201919,Bom Princípio do Piauí,Sudoeste Piauiense,2020,8.28,61.01,0.62,34,DATASUS (simulado)
2201919,Bom Princípio do Piauí,Sudoeste Piauiense,2021,17.0,62.21,1.1,12,DATASUS (simulado)
2201919,Bom Princípio do Piauí,Sudoeste Piauiense,2022,22.9,79.78,1.5,16,DATASUS (simulado)
2201919,Bom Princípio do Piauí,Sudoeste Piauiense,2023,13.33,84.16,1.63,32,DATASUS (simulado)
2201929,Bonfim do Piauí,Sudoeste Piauiense,2019,15.93,88.78,1.56,18,DATASUS (simulado)
2201929,Bonfim do Piauí,Sudoeste Piauiense,2020,14.98,70.18,1.47,24,DATASUS (simulado)
2201929,Bonfim do Piauí,Sudoeste Piauiense,2021,15.2,64.37,1.5,9,DATASUS (simulado)
2201929,Bonfim do Piauí,Sudoeste Piauiense,2022,11.47,78.0,1.37,16,DATASUS (simulado)
2201929,Bonfim do Piauí,Sudoeste Piauiense,2023,14.55,81.13,1.75,27,DATASUS (simulado)
2201945,Boqueirão do Piauí,Sudoeste Piauiense,2019,22.7,55.54,1.79,20,DATASUS (simulado)
2201945,Boqueirão do Piauí,Sudoeste Piauiense,2020,17.25,62.04,1.39,12,DATASUS (simulado)
2201945,Boqueirão do Piauí,Sudoeste Piauiense,2021,14.45,55.65,1.29,26,DATASUS (simulado)
2201945,Boqueirão do Piauí,Sudoeste Piauiense,2022,20.26,51.36,1.56,34,DATASUS (simulado)
2201945,Boqueirão do Piauí,Sudoeste Piauiense,2023,16.88,94.83,1.56,12,DATASUS (simulado)
2201960,Brasileira,Sudoeste Piauiense,2019,17.22,80.36,1.88,8,DATASUS (simulado)
2201960,Brasileira,Sudoeste Piauiense,2020,13.74,56.45,2.12,20,DATASUS (simulado)
2201960,Brasileira,Sudoeste Piauiense,2021,17.26,79.27,0.86,6,DATASUS (simulado)
2201960,Brasileira,Sudoeste Piauiense,2022,19.14,73.5,1.95,17,DATASUS (simulado)
2201960,Brasileira,Sudoeste Piauiense,2023,15.82,91.5,2.06,8,DATASUS (simulado)
2201988,Brejo do Piauí,Sudoeste Piauiense,2019,17.28,86.11,2.05,22,DATASUS (simulado)
2201988,Brejo do Piauí,Sudoeste Piauiense,2020,13.37,75.98,1.61,11,DATASUS (simulado)
2201988,Brejo do Piauí,Sudoeste Piauiense,2021,19.62,53.56,0.94,25,DATASUS (simulado)
2201988,Brejo do Piauí,Sudoeste Piauiense,2022,18.94,50.0,2.3,39,DATASUS (simulado)
2201988,Brejo do Piauí,Sudoeste Piauiense,2023,25.49,93.26,2.27,14,DATASUS (simulado)
2202000,Buriti dos Lopes,Centro-Norte Piauiense,2019,17.35,85.22,1.89,6,DATASUS (simulado)
2202000,Buriti dos Lopes,Centro-Norte Piauiense,2020,17.28,55.5,1.57,30,DATASUS (simulado)
2202000,Buriti dos Lopes,Centro-Norte Piauiense,2021,8.49,62.4,0.5,27,DATASUS (simulado)
2202000,Buriti dos Lopes,Centro-Norte Piauiense,2022,13.63,72.91,2.01,25,DATASUS (simulado)
2202000,Buriti dos Lopes,Centro-Norte Piauiense,2023,19.74,69.15,1.63,19,DATASUS (simulado)
2202026,Buriti dos Montes,Sudoeste Piauiense,2019,16.06,68.48,0.97,23,DATASUS (simulado)
2202026,Buriti dos Montes,Sudoeste Piauiense,2020,15.87,53.58,1.24,31,DATASUS (simulado)
2202026,Buriti dos Montes,Sudoeste Piauiense,2021,10.79,64.71,2.06,12,DATASUS (simulado)
2202026,Buriti dos Montes,Sudoeste Piauiense,2022,19.98,50.8,1.18,8,DATASUS (simulado)
2202026,Buriti dos Montes,Sudoeste Piauiense,2023,19.76,70.74,2.33,11,DATASUS (simulado)
2202059,Cabeceiras do Piauí,Sudoeste Piauiense,2019,11.81,75.04,2.57,24,DATASUS (simulado)
2202059,Cabeceiras do Piauí,Sudoeste Piauiense,2020,17.44,78.38,1.6,5,DATASUS (simulado)
2202059,Cabeceiras do Piauí,Sudoeste Piauiense,2021,18.38,46.0,1.77,32,DATASUS (simulado)
2202059,Cabeceiras do Piauí,Sudoeste Piauiense,2022,26.91,60.0,1.31,14,DATASUS (simulado)
2202059,Cabeceiras do Piauí,Sudoeste Piauiense,2023,13.01,55.45,1.73,30,DATASUS (simulado)
2202075,Cajazeiras do Piauí,Sudoeste Piauiense,2019,18.08,57.75,1.1,28,DATASUS (simulado)
2202075,Cajazeiras do Piauí,Sudoeste Piauiense,2020,14.95,76.37,1.3,14,DATASUS (simulado)
2202075,Cajazeiras do Piauí,Sudoeste Piauiense,2021,17.48,87.14,1.01,39,DATASUS (simulado)
2202075,Cajazeiras do Piauí,Sudoeste Piauiense,2022,15.35,81.16,0.98,19,DATASUS (simulado)
2202075,Cajazeiras do Piauí,Sudoeste Piauiense,2023,16.14,59.64,1.31,15,DATASUS (simulado)
2202083,Cajueiro da Praia,Sudoeste Piauiense,2019,14.29,50.34,1.56,6,DATASUS (simulado)
2202083,Cajueiro da Praia,Sudoeste Piauiense,2020,29.63,68.79,0.83,22,DATASUS (simulado)
2202083,Cajueiro da Praia,Sudoeste Piauiense,2021,9.21,46.0,2.09,28,DATASUS (simulado)
2202083,Cajueiro da Praia,Sudoeste Piauiense,2022,21.57,73.6,2.42,37,DATASUS (simulado)
2202083,Cajueiro da Praia,Sudoeste Piauiense,2023,7.55,85.74,0.88,8,DATASUS (simulado)
2202091,Caldeirão Grande do Piauí,Sudoeste Piauiense,2019,8.96,90.49,1.71,9,DATASUS (simulado)
2202091,Caldeirão Grande do Piauí,Sudoeste Piauiense,2020,15.75,62.93,2.13,7,DATASUS (simulado)
2202091,Caldeirão Grande do Piauí,Sudoeste Piauiense,2021,6.69,47.57,2.0,7,DATASUS (simulado)
2202091,Caldeirão Grande do Piauí,Sudoeste Piauiense,2022,6.67,59.67,1.81,12,DATASUS (simulado)
2202091,Caldeirão Grande do Piauí,Sudoeste Piauiense,2023,14.44,65.73,1.9,9,DATASUS (simulado)
2202109,Campinas do Piauí,Centro-Norte Piauiense,2019,19.65,56.2,1.7,34,DATASUS (simulado)
2202109,Campinas do Piauí,Centro-Norte Piauiense,2020,9.54,79.35,1.46,21,DATASUS (simulado)
2202109,Campinas do Piauí,Centro-Norte Piauiense,2021,5.0,56.36,1.24,34,DATASUS (simulado)
2202109,Campinas do Piauí,Centro-Norte Piauiense,2022,19.88,95.08,1.81,22,DATASUS (simulado)
2202109,Campinas do Piauí,Centro-Norte Piauiense,2023,17.72,71.28,1.69,38,DATASUS (simulado)
2202117,Campo Alegre do Fidalgo,Sudoeste Piauiense,2019,26.78,70.71,1.31,25,DATASUS (simulado)
2202117,Campo Alegre do Fidalgo,Sudoeste Piauiense,2020,8.06,64.64,2.55,27,DATASUS (simulado)
2202117,Campo Alegre do Fidalgo,Sudoeste Piauiense,2021,14.07,77.54,1.63,19,DATASUS (simulado)
2202117,Campo Alegre do Fidalgo,Sudoeste Piauiense,2022,13.99,77.7,2.35,34,DATASUS (simulado)
2202117,Campo Alegre do Fidalgo,Sudoeste Piauiense,2023,11.84,70.45,2.11,11,DATASUS (simulado)
2202133,Campo Grande do Piauí,Sudoeste Piauiense,2019,14.79,62.98,0.99,6,DATASUS (simulado)
2202133,Campo Grande do Piauí,Sudoeste Piauiense,2020,15.21,68.41,1.64,6,DATASUS (simulado)
2202133,Campo Grande do Piauí,Sudoeste Piauiense,2021,16.5,69.58,2.27,7,DATASUS (simulado)
2202133,Campo Grande do Piauí,Sudoeste Piauiense,2022,19.07,56.22,1.76,25,DATASUS (simulado)
2202133,Campo Grande do Piauí,Sudoeste Piauiense,2023,16.22,72.17,1.54,17,DATASUS (simulado)
2202174,Campo Largo do Piauí,Sudeste Piauiense,2019,16.85,87.8,1.67,36,DATASUS (simulado)
2202174,Campo Largo do Piauí,Sudeste Piauiense,2020,16.83,58.6,1.41,9,DATASUS (simulado)
2202174,Campo Largo do Piauí,Sudeste Piauiense,2021,15.92,70.4,2.64,6,DATASUS (simulado)
2202174,Campo Largo do Piauí,Sudeste Piauiense,2022,21.75,77.9,1.15,27,DATASUS (simulado)
2202174,Campo Largo do Piauí,Sudeste Piauiense,2023,17.67,72.32,1.69,13,DATASUS (simulado)
2202208,Campo Maior,Centro-Norte Piauiense,2019,10.93,89.0,2.16,37,DATASUS (simulado)
2202208,Campo Maior,Centro-Norte Piauiense,2020,9.57,74.22,1.89,21,DATASUS (simulado)
2202208,Campo Maior,Centro-Norte Piauiense,2021,10.23,64.7,2.14,39,DATASUS (simulado)
2202208,Campo Maior,Centro-Norte Piauiense,2022,8.47,64.71,0.99,18,DATASUS (simulado)
2202208,Campo Maior,Centro-Norte Piauiense,2023,11.29,64.8,1.77,19,DATASUS (simulado)
2202251,Canavieira,Sudeste Piauiense,2019,10.31,94.32,2.16,9,DATASUS (simulado)
2202251,Canavieira,Sudeste Piauiense,2020,10.27,67.12,0.78,30,DATASUS (simulado)
2202251,Canavieira,Sudeste Piauiense,2021,25.23,75.55,1.14,39,DATASUS (simulado)
2202251,Canavieira,Sudeste Piauiense,2022,7.75,53.96,2.5,17,DATASUS (simulado)
2202251,Canavieira,Sudeste Piauiense,2023,13.26,78.91,1.84,6,DATASUS (simulado)
2202307,Canto do Buriti,Centro-Norte Piauiense,2019,9.28,61.12,1.54,15,DATASUS (simulado)
2202307,Canto do Buriti,Centro-Norte Piauiense,2020,21.53,46.0,1.54,26,DATASUS (simulado)
2202307,Canto do Buriti,Centro-Norte Piauiense,2021,23.09,77.96,1.6,23,DATASUS (simulado)
2202307,Canto do Buriti,Centro-Norte Piauiense,2022,12.47,58.75,1.55,12,DATASUS (simulado)
2202307,Canto do Buriti,Centro-Norte Piauiense,2023,17.08,60.54,1.18,15,DATASUS (simulado)
2202406,Capitão de Campos,Sudeste Piauiense,2019,22.82,62.48,2.27,9,DATASUS (simulado)
2202406,Capitão de Campos,Sudeste Piauiense,2020,22.28,66.31,1.61,36,DATASUS (simulado)
2202406,Capitão de Campos,Sudeste Piauiense,2021,12.09,74.7,1.69,12,DATASUS (simulado)
2202406,Capitão de Campos,Sudeste Piauiense,2022,18.39,85.54,1.05,8,DATASUS (simulado)
2202406,Capitão de Campos,Sudeste Piauiense,2023,12.51,77.51,2.29,14,DATASUS (simulado)
2202455,Capitão Gervásio Oliveira,Sudeste Piauiense,2019,12.94,81.7,1.72,36,DATASUS (simulado)
2202455,Capitão Gervásio Oliveira,Sudeste Piauiense,2020,17.17,73.16,1.99,38,DATASUS (simulado)
2202455,Capitão Gervásio Oliveira,Sudeste Piauiense,2021,13.68,55.66,1.17,29,DATASUS (simulado)
2202455,Capitão Gervásio Oliveira,Sudeste Piauiense,2022,5.35,64.43,1.31,24,DATASUS (simulado)
2202455,Capitão Gervásio Oliveira,Sudeste Piauiense,2023,13.76,67.25,1.85,39,DATASUS (simulado)
2202505,Caracol,Sudeste Piauiense,2019,20.73,53.92,2.21,16,DATASUS (simulado)
2202505,Caracol,Sudeste Piauiense,2020,15.48,66.11,1.52,12,DATASUS (simulado)
2202505,Caracol,Sudeste Piauiense,2021,24.02,67.11,2.44,27,DATASUS (simulado)
2202505,Caracol,Sudeste Piauiense,2022,10.46,74.51,1.81,26,DATASUS (simulado)
2202505,Caracol,Sudeste Piauiense,2023,15.47,89.23,1.79,6,DATASUS (simulado)
2202539,Caraúbas do Piauí,Sudeste Piauiense,2019,18.5,61.27,1.39,27,DATASUS (simulado)
2202539,Caraúbas do Piauí,Sudeste Piauiense,2020,19.1,69.02,2.02,37,DATASUS (simulado)
2202539,Caraúbas do Piauí,Sudeste Piauiense,2021,6.34,64.43,2.56,29,DATASUS (simulado)
2202539,Caraúbas do Piauí,Sudeste Piauiense,2022,18.63,61.62,1.9,20,DATASUS (simulado)
2202539,Caraúbas do Piauí,Sudeste Piauiense,2023,18.16,78.33,1.48,39,DATASUS (simulado)
2202554,Caridade do Piauí,Sudeste Piauiense,2019,18.63,88.63,1.54,29,DATASUS (simulado)
2202554,Caridade do Piauí,Sudeste Piauiense,2020,23.62,71.68,1.16,17,DATASUS (simulado)
2202554,Caridade do Piauí,Sudeste Piauiense,2021,17.18,85.42,3.07,30,DATASUS (simulado)
2202554,Caridade do Piauí,Sudeste Piauiense,2022,16.21,77.01,2.14,20,DATASUS (simulado)
2202554,Caridade do Piauí,Sudeste Piauiense,2023,19.94,67.72,1.35,23,DATASUS (simulado)
2202604,Castelo do Piauí,Centro-Norte Piauiense,2019,22.75,75.98,2.05,25,DATASUS (simulado)
2202604,Castelo do Piauí,Centro-Norte Piauiense,2020,18.49,69.72,1.35,21,DATASUS (simulado)
2202604,Castelo do Piauí,Centro-Norte Piauiense,2021,10.79,90.16,1.66,20,DATASUS (simulado)
2202604,Castelo do Piauí,Centro-Norte Piauiense,2022,14.19,89.59,1.44,28,DATASUS (simulado)
2202604,Castelo do Piauí,Centro-Norte Piauiense,2023,18.1,87.89,2.33,23,DATASUS (simulado)
2202653,Caxingó,Centro-Norte Piauiense,2019,12.88,70.89,1.52,34,DATASUS (simulado)
2202653,Caxingó,Centro-Norte Piauiense,2020,15.73,81.52,1.3,37,DATASUS (simulado)
2202653,Caxingó,Centro-Norte Piauiense,2021,13.49,66.18,1.69,32,DATASUS (simulado)
2202653,Caxingó,Centro-Norte Piauiense,2022,15.64,79.85,2.68,31,DATASUS (simulado)
2202653,Caxingó,Centro-Norte Piauiense,2023,9.0,83.13,2.19,30,DATASUS (simulado)
2202703,Cocal,Centro-Norte Piauiense,2019,8.66,80.54,1.13,17,DATASUS (simulado)
2202703,Cocal,Centro-Norte Piauiense,2020,8.76,78.17,2.67,10,DATASUS (simulado)
2202703,Cocal,Centro-Norte Piauiense,2021,5.0,72.12,2.35,33,DATASUS (simulado)
2202703,Cocal,Centro-Norte Piauiense,2022,13.06,59.55,0.5,25,DATASUS (simulado)
2202703,Cocal,Centro-Norte Piauiense,2023,7.89,50.0,1.82,5,DATASUS (simulado)
2202711,Cocal de Telha,Centro-Norte Piauiense,2019,23.59,74.11,1.36,24,DATASUS (simulado)
2202711,Cocal de Telha,Centro-Norte Piauiense,2020,16.2,72.55,1.37,39,DATASUS (simulado)
2202711,Cocal de Telha,Centro-Norte Piauiense,2021,9.68,81.0,1.51,14,DATASUS (simulado)
2202711,Cocal de Telha,Centro-Norte Piauiense,2022,18.41,67.77,2.6,13,DATASUS (simulado)
2202711,Cocal de Telha,Centro-Norte Piauiense,2023,12.19,71.09,1.85,24,DATASUS (simulado)
2202729,Cocal dos Alves,Centro-Norte Piauiense,2019,20.34,98.0,1.16,31,DATASUS (simulado)
2202729,Cocal dos Alves,Centro-Norte Piauiense,2020,9.3,77.71,1.67,22,DATASUS (simulado)
2202729,Cocal dos Alves,Centro-Norte Piauiense,2021,16.23,88.23,2.39,18,DATASUS (simulado)
2202729,Cocal dos Alves,Centro-Norte Piauiense,2022,12.28,85.16,1.19,30,DATASUS (simulado)
2202729,Cocal dos Alves,Centro-Norte Piauiense,2023,11.08,62.86,1.97,16,DATASUS (simulado)
2202737,Coivaras,Centro-Norte Piauiense,2019,13.7,69.71,1.75,8,DATASUS (simulado)
2202737,Coivaras,Centro-Norte Piauiense,2020,9.95,71.25,2.14,28,DATASUS (simulado)
2202737,Coivaras,Centro-Norte Piauiense,2021,23.35,69.8,1.98,26,DATASUS (simulado)
2202737,Coivaras,Centro-Norte Piauiense,2022,24.36,90.7,2.18,14,DATASUS (simulado)
2202737,Coivaras,Centro-Norte Piauiense,2023,11.03,84.65,2.36,38,DATASUS (simulado)
2202752,Colônia do Gurguéia,Centro-Norte Piauiense,2019,17.05,77.95,1.13,14,DATASUS (simulado)
2202752,Colônia do Gurguéia,Centro-Norte Piauiense,2020,22.33,46.0,1.53,25,DATASUS (simulado)
2202752,Colônia do Gurguéia,Centro-Norte Piauiense,2021,14.55,48.83,1.61,25,DATASUS (simulado)
2202752,Colônia do Gurguéia,Centro-Norte Piauiense,2022,24.73,52.83,1.78,18,DATASUS (simulado)
2202752,Colônia do Gurguéia,Centro-Norte Piauiense,2023,14.8,50.0,1.99,37,DATASUS (simulado)
2202778,Colônia do Piauí,Centro-Norte Piauiense,2019,17.41,79.24,1.31,27,DATASUS (simulado)
2202778,Colônia do Piauí,Centro-Norte Piauiense,2020,15.31,71.61,1.59,28,DATASUS (simulado)
2202778,Colônia do Piauí,Centro-Norte Piauiense,2021,9.89,72.96,1.18,25,DATASUS (simulado)
2202778,Colônia do Piauí,Centro-Norte Piauiense,2022,21.98,50.0,0.5,10,DATASUS (simulado)
2202778,Colônia do Piauí,Centro-Norte Piauiense,2023,21.69,56.34,2.05,7,DATASUS (simulado)
2202802,Conceição do Canindé,Centro-Norte Piauiense,2019,18.97,72.58,1.83,32,DATASUS (simulado)
2202802,Conceição do Canindé,Centro-Norte Piauiense,2020,8.31,63.75,1.56,36,DATASUS (simulado)
2202802,Conceição do Canindé,Centro-Norte Piauiense,2021,9.65,74.46,2.85,23,DATASUS (simulado)
2202802,Conceição do Canindé,Centro-Norte Piauiense,2022,8.79,78.15,1.94,20,DATASUS (simulado)
2202802,Conceição do Canindé,Centro-Norte Piauiense,2023,13.78,79.48,2.0,38,DATASUS (simulado)
2202851,Coronel José Dias,Centro-Norte Piauiense,2019,12.97,56.73,1.58,31,DATASUS (simulado)
2202851,Coronel José Dias,Centro-Norte Piauiense,2020,12.72,68.38,1.44,39,DATASUS (simulado)
2202851,Coronel José Dias,Centro-Norte Piauiense,2021,9.13,69.06,1.56,10,DATASUS (simulado)
2202851,Coronel José Dias,Centro-Norte Piauiense,2022,10.06,84.68,2.36,13,DATASUS (simulado)
2202851,Coronel José Dias,Centro-Norte Piauiense,2023,14.18,69.91,0.58,7,DATASUS (simulado)
2202901,Corrente,Centro-Norte Piauiense,2019,16.6,82.65,1.45,30,DATASUS (simulado)
2202901,Corrente,Centro-Norte Piauiense,2020,14.42,61.9,1.5,38,DATASUS (simulado)
2202901,Corrente,Centro-Norte Piauiense,2021,12.29,46.0,2.07,26,DATASUS (simulado)
2202901,Corrente,Centro-Norte Piauiense,2022,21.56,79.69,1.99,34,DATASUS (simulado)
2202901,Corrente,Centro-Norte Piauiense,2023,15.14,71.77,1.87,6,DATASUS (simulado)
2203008,Cristalândia do Piauí,Centro-Norte Piauiense,2019,10.26,69.12,2.18,24,DATASUS (simulado)
2203008,Cristalândia do Piauí,Centro-Norte Piauiense,2020,16.86,68.54,2.36,8,DATASUS (simulado)
2203008,Cristalândia do Piauí,Centro-Norte Piauiense,2021,6.92,70.07,2.14,19,DATASUS (simulado)
2203008,Cristalândia do Piauí,Centro-Norte Piauiense,2022,18.5,64.4,2.29,17,DATASUS (simulado)
2203008,Cristalândia do Piauí,Centro-Norte Piauiense,2023,16.41,83.59,2.3,10,DATASUS (simulado)
2203107,Cristino Castro,Centro-Norte Piauiense,2019,17.78,98.0,1.83,18,DATASUS (simulado)
2203107,Cristino Castro,Centro-Norte Piauiense,2020,9.26,74.3,2.45,39,DATASUS (simulado)
2203107,Cristino Castro,Centro-Norte Piauiense,2021,20.38,68.58,1.71,28,DATASUS (simulado)
2203107,Cristino Castro,Centro-Norte Piauiense,2022,13.47,83.73,1.55,7,DATASUS (simulado)
2203107,Cristino Castro,Centro-Norte Piauiense,2023,16.96,86.46,1.43,23,DATASUS (simulado)
2203206,Curimatá,Centro-Norte Piauiense,2019,22.12,72.69,2.56,21,DATASUS (simulado)
2203206,Curimatá,Centro-Norte Piauiense,2020,6.93,59.55,0.84,18,DATASUS (simulado)
2203206,Curimatá,Centro-Norte Piauiense,2021,19.92,73.31,2.49,20,DATASUS (simulado)
2203206,Curimatá,Centro-Norte Piauiense,2022,19.36,60.49,1.68,25,DATASUS (simulado)
2203206,Curimatá,Centro-Norte Piauiense,2023,13.02,59.48,1.66,24,DATASUS (simulado)
2203230,Currais,Centro-Norte Piauiense,2019,13.82,62.37,2.03,13,DATASUS (simulado)
2203230,Currais,Centro-Norte Piauiense,2020,22.4,84.95,2.19,28,DATASUS (simulado)
2203230,Currais,Centro-Norte Piauiense,2021,10.98,76.84,1.9,19,DATASUS (simulado)
2203230,Currais,Centro-Norte Piauiense,2022,17.67,91.26,2.05,33,DATASUS (simulado)
2203230,Currais,Centro-Norte Piauiense,2023,20.17,77.37,2.64,32,DATASUS (simulado)
2203255,Curralinhos,Centro-Norte Piauiense,2019,21.76,67.34,1.27,7,DATASUS (simulado)
2203255,Curralinhos,Centro-Norte Piauiense,2020,18.01,66.26,2.43,5,DATASUS (simulado)
2203255,Curralinhos,Centro-Norte Piauiense,2021,18.62,57.79,0.91,26,DATASUS (simulado)
2203255,Curralinhos,Centro-Norte Piauiense,2022,11.53,54.46,1.38,12,DATASUS (simulado)
2203255,Curralinhos,Centro-Norte Piauiense,2023,14.73,68.08,0.89,33,DATASUS (simulado)
2203271,Curral Novo do Piauí,Centro-Norte Piauiense,2019,25.66,74.3,0.67,24,DATASUS (simulado)
2203271,Curral Novo do Piauí,Centro-Norte Piauiense,2020,6.65,74.86,1.2,12,DATASUS (simulado)
2203271,Curral Novo do Piauí,Centro-Norte Piauiense,2021,19.04,67.58,2.17,13,DATASUS (simulado)
2203271,Curral Novo do Piauí,Centro-Norte Piauiense,2022,26.99,73.41,2.36,21,DATASUS (simulado)
2203271,Curral Novo do Piauí,Centro-Norte Piauiense,2023,11.45,70.83,2.47,17,DATASUS (simulado)
2203305,Demerval Lobão,Centro-Norte Piauiense,2019,17.56,61.81,1.62,15,DATASUS (simulado)
2203305,Demerval Lobão,Centro-Norte Piauiense,2020,15.11,52.89,0.88,16,DATASUS (simulado)
2203305,Demerval Lobão,Centro-Norte Piauiense,2021,7.46,63.9,1.95,16,DATASUS (simulado)
2203305,Demerval Lobão,Centro-Norte Piauiense,2022,10.41,77.68,1.91,27,DATASUS (simulado)
2203305,Demerval Lobão,Centro-Norte Piauiense,2023,18.15,75.06,1.84,24,DATASUS (simulado)
2203354,Dirceu Arcoverde,Centro-Norte Piauiense,2019,11.63,79.23,1.39,22,DATASUS (simulado)
2203354,Dirceu Arcoverde,Centro-Norte Piauiense,2020,5.0,71.25,1.39,24,DATASUS (simulado)
2203354,Dirceu Arcoverde,Centro-Norte Piauiense,2021,13.54,78.58,2.37,6,DATASUS (simulado)
2203354,Dirceu Arcoverde,Centro-Norte Piauiense,2022,10.2,89.84,2.38,6,DATASUS (simulado)
2203354,Dirceu Arcoverde,Centro-Norte Piauiense,2023,15.12,86.08,1.23,13,DATASUS (simulado)
2203404,Dom Expedito Lopes,Centro-Norte Piauiense,2019,15.0,87.63,1.97,24,DATASUS (simulado)
2203404,Dom Expedito Lopes,Centro-Norte Piauiense,2020,21.32,78.51,2.47,34,DATASUS (simulado)
2203404,Dom Expedito Lopes,Centro-Norte Piauiense,2021,14.95,51.36,1.51,5,DATASUS (simulado)
2203404,Dom Expedito Lopes,Centro-Norte Piauiense,2022,13.13,66.97,1.74,28,DATASUS (simulado)
2203404,Dom Expedito Lopes,Centro-Norte Piauiense,2023,6.34,87.82,2.04,22,DATASUS (simulado)
2203420,Domingos Mourão,Centro-Norte Piauiense,2019,11.7,72.02,2.34,34,DATASUS (simulado)
2203420,Domingos Mourão,Centro-Norte Piauiense,2020,15.75,83.49,1.65,7,DATASUS (simulado)
2203420,Domingos Mourão,Centro-Norte Piauiense,2021,25.74,52.9,1.6,15,DATASUS (simulado)
2203420,Domingos Mourão,Centro-Norte Piauiense,2022,15.63,52.01,2.36,37,DATASUS (simulado)
2203420,Domingos Mourão,Centro-Norte Piauiense,2023,21.15,98.0,2.0,5,DATASUS (simulado)
2203453,Dom Inocêncio,Centro-Norte Piauiense,2019,11.63,56.38,1.42,33,DATASUS (simulado)
2203453,Dom Inocêncio,Centro-Norte Piauiense,2020,5.0,66.21,1.85,9,DATASUS (simulado)
2203453,Dom Inocêncio,Centro-Norte Piauiense,2021,22.74,76.01,1.69,16,DATASUS (simulado)
2203453,Dom Inocêncio,Centro-Norte Piauiense,2022,11.08,69.66,1.07,30,DATASUS (simulado)
2203453,Dom Inocêncio,Centro-Norte Piauiense,2023,15.92,54.78,1.45,10,DATASUS (simulado)
2203503,Elesbão Veloso,Centro-Norte Piauiense,2019,15.03,89.04,1.96,39,DATASUS (simulado)
2203503,Elesbão Veloso,Centro-Norte Piauiense,2020,14.52,66.91,2.13,13,DATASUS (simulado)
2203503,Elesbão Veloso,Centro-Norte Piauiense,2021,15.13,69.21,0.89,8,DATASUS (simulado)
2203503,Elesbão Veloso,Centro-Norte Piauiense,2022,9.71,69.63,1.88,17,DATASUS (simulado)
2203503,Elesbão Veloso,Centro-Norte Piauiense,2023,22.88,72.86,1.57,38,DATASUS (simulado)
2203602,Eliseu Martins,Centro-Norte Piauiense,2019,20.45,70.22,1.6,25,DATASUS (simulado)
2203602,Eliseu Martins,Centro-Norte Piauiense,2020,7.72,63.75,1.94,5,DATASUS (simulado)
2203602,Eliseu Martins,Centro-Norte Piauiense,2021,16.21,61.46,2.03,39,DATASUS (simulado)
2203602,Eliseu Martins,Centro-Norte Piauiense,2022,15.07,75.38,2.23,39,DATASUS (simulado)
2203602,Eliseu Martins,Centro-Norte Piauiense,2023,9.89,83.18,2.36,28,DATASUS (simulado)
2203701,Esperantina,Centro-Norte Piauiense,2019,11.26,71.47,1.34,21,DATASUS (simulado)
2203701,Esperantina,Centro-Norte Piauiense,2020,16.53,66.05,1.71,31,DATASUS (simulado)
2203701,Esperantina,Centro-Norte Piauiense,2021,17.98,65.43,2.12,25,DATASUS (simulado)
2203701,Esperantina,Centro-Norte Piauiense,2022,16.85,69.43,2.39,9,DATASUS (simulado)
2203701,Esperantina,Centro-Norte Piauiense,2023,12.68,75.98,1.51,36,DATASUS (simulado)
2203750,Fartura do Piauí,Centro-Norte Piauiense,2019,10.82,50.0,1.6,15,DATASUS (simulado)
2203750,Fartura do Piauí,Centro-Norte Piauiense,2020,19.55,54.85,1.76,21,DATASUS (simulado)
2203750,Fartura do Piauí,Centro-Norte Piauiense,2021,5.0,76.04,1.47,8,DATASUS (simulado)
2203750,Fartura do Piauí,Centro-Norte Piauiense,2022,15.15,85.01,1.13,7,DATASUS (simulado)
2203750,Fartura do Piauí,Centro-Norte Piauiense,2023,11.38,75.45,0.5,35,DATASUS (simulado)
2203800,Flores do Piauí,Centro-Norte Piauiense,2019,18.59,89.95,1.97,25,DATASUS (simulado)
2203800,Flores do Piauí,Centro-Norte Piauiense,2020,19.28,86.68,1.67,28,DATASUS (simulado)
2203800,Flores do Piauí,Centro-Norte Piauiense,2021,14.66,90.16,1.87,5,DATASUS (simulado)
2203800,Flores do Piauí,Centro-Norte Piauiense,2022,11.53,82.64,2.0,39,DATASUS (simulado)
2203800,Flores do Piauí,Centro-Norte Piauiense,2023,9.2,83.02,1.52,8,DATASUS (simulado)
2203859,Floresta do Piauí,Centro-Norte Piauiense,2019,15.46,65.07,1.68,39,DATASUS (simulado)
2203859,Floresta do Piauí,Centro-Norte Piauiense,2020,25.81,75.98,2.62,23,DATASUS (simulado)
2203859,Floresta do Piauí,Centro-Norte Piauiense,2021,18.32,46.41,1.86,21,DATASUS (simulado)
2203859,Floresta do Piauí,Centro-Norte Piauiense,2022,21.92,73.21,1.67,6,DATASUS (simulado)
2203859,Floresta do Piauí,Centro-Norte Piauiense,2023,14.75,84.95,2.37,35,DATASUS (simulado)
2203909,Floriano,Centro-Norte Piauiense,2019,9.37,74.97,2.48,132,DATASUS (simulado)
2203909,Floriano,Centro-Norte Piauiense,2020,11.98,81.25,2.67,109,DATASUS (simulado)
2203909,Floriano,Centro-Norte Piauiense,2021,12.99,82.41,2.75,110,DATASUS (simulado)
2203909,Floriano,Centro-Norte Piauiense,2022,5.88,86.35,2.57,141,DATASUS (simulado)
2203909,Floriano,Centro-Norte Piauiense,2023,18.66,84.01,3.1,93,DATASUS (simulado)
2204006,Francinópolis,Centro-Norte Piauiense,2019,21.0,50.0,1.51,28,DATASUS (simulado)
2204006,Francinópolis,Centro-Norte Piauiense,2020,19.19,46.0,1.27,35,DATASUS (simulado)
2204006,Francinópolis,Centro-Norte Piauiense,2021,24.02,54.35,1.41,38,DATASUS (simulado)
2204006,Francinópolis,Centro-Norte Piauiense,2022,11.08,78.64,1.18,33,DATASUS (simulado)
2204006,Francinópolis,Centro-Norte Piauiense,2023,14.49,63.48,1.7,12,DATASUS (simulado)
2204105,Francisco Ayres,Centro-Norte Piauiense,2019,13.46,77.71,1.4,23,DATASUS (simulado)
2204105,Francisco Ayres,Centro-Norte Piauiense,2020,13.51,70.88,1.64,8,DATASUS (simulado)
2204105,Francisco Ayres,Centro-Norte Piauiense,2021,18.36,61.21,1.97,16,DATASUS (simulado)
2204105,Francisco Ayres,Centro-Norte Piauiense,2022,16.0,55.22,1.71,27,DATASUS (simulado)
2204105,Francisco Ayres,Centro-Norte Piauiense,2023,5.0,62.59,2.25,14,DATASUS (simulado)
2204154,Francisco Macedo,Centro-Norte Piauiense,2019,18.64,76.41,1.65,17,DATASUS (simulado)
2204154,Francisco Macedo,Centro-Norte Piauiense,2020,10.83,65.71,2.14,29,DATASUS (simulado)
2204154,Francisco Macedo,Centro-Norte Piauiense,2021,9.43,68.05,1.8,23,DATASUS (simulado)
2204154,Francisco Macedo,Centro-Norte Piauiense,2022,13.15,69.74,2.44,39,DATASUS (simulado)
2204154,Francisco Macedo,Centro-Norte Piauiense,2023,11.34,64.09,1.85,18,DATASUS (simulado)
2204204,Francisco Santos,Centro-Norte Piauiense,2019,14.69,74.62,0.61,6,DATASUS (simulado)
2204204,Francisco Santos,Centro-Norte Piauiense,2020,22.5,71.9,1.13,15,DATASUS (simulado)
2204204,Francisco Santos,Centro-Norte Piauiense,2021,19.67,79.46,2.02,38,DATASUS (simulado)
2204204,Francisco Santos,Centro-Norte Piauiense,2022,18.94,78.77,1.61,22,DATASUS (simulado)
2204204,Francisco Santos,Centro-Norte Piauiense,2023,15.53,66.61,2.93,25,DATASUS (simulado)
2204303,Fronteiras,Centro-Norte Piauiense,2019,10.92,61.24,1.02,14,DATASUS (simulado)
2204303,Fronteiras,Centro-Norte Piauiense,2020,10.94,67.16,1.18,28,DATASUS (simulado)
2204303,Fronteiras,Centro-Norte Piauiense,2021,19.19,71.59,2.13,18,DATASUS (simulado)
2204303,Fronteiras,Centro-Norte Piauiense,2022,13.84,50.0,2.11,28,DATASUS (simulado)
2204303,Fronteiras,Centro-Norte Piauiense,2023,5.0,79.18,1.91,30,DATASUS (simulado)
2204352,Geminiano,Centro-Norte Piauiense,2019,8.39,93.12,2.27,32,DATASUS (simulado)
2204352,Geminiano,Centro-Norte Piauiense,2020,17.6,70.74,2.01,10,DATASUS (simulado)
2204352,Geminiano,Centro-Norte Piauiense,2021,5.0,65.36,2.54,11,DATASUS (simulado)
2204352,Geminiano,Centro-Norte Piauiense,2022,9.32,64.87,1.18,20,DATASUS (simulado)
2204352,Geminiano,Centro-Norte Piauiense,2023,22.56,89.18,2.43,13,DATASUS (simulado)
2204402,Gilbués,Centro-Norte Piauiense,2019,14.96,94.85,2.0,27,DATASUS (simulado)
2204402,Gilbués,Centro-Norte Piauiense,2020,12.9,89.78,1.11,7,DATASUS (simulado)
2204402,Gilbués,Centro-Norte Piauiense,2021,9.59,76.78,1.99,38,DATASUS (simulado)
2204402,Gilbués,Centro-Norte Piauiense,2022,21.8,78.42,1.57,30,DATASUS (simulado)
2204402,Gilbués,Centro-Norte Piauiense,2023,12.95,98.0,2.13,15,DATASUS (simulado)
2204501,Guadalupe,Centro-Norte Piauiense,2019,9.07,66.79,1.59,30,DATASUS (simulado)
2204501,Guadalupe,Centro-Norte Piauiense,2020,13.47,63.17,2.21,23,DATASUS (simulado)
2204501,Guadalupe,Centro-Norte Piauiense,2021,16.38,64.17,1.13,32,DATASUS (simulado)
2204501,Guadalupe,Centro-Norte Piauiense,2022,22.33,87.66,2.04,28,DATASUS (simulado)
2204501,Guadalupe,Centro-Norte Piauiense,2023,15.64,95.13,1.86,30,DATASUS (simulado)
2204550,Guaribas,Centro-Norte Piauiense,2019,13.4,64.42,2.83,37,DATASUS (simulado)
2204550,Guaribas,Centro-Norte Piauiense,2020,15.2,74.94,1.79,25,DATASUS (simulado)
2204550,Guaribas,Centro-Norte Piauiense,2021,6.57,69.67,1.99,26,DATASUS (simulado)
2204550,Guaribas,Centro-Norte Piauiense,2022,15.8,93.26,1.7,7,DATASUS (simulado)
2204550,Guaribas,Centro-Norte Piauiense,2023,7.52,72.03,1.17,37,DATASUS (simulado)
2204600,Hugo Napoleão,Centro-Norte Piauiense,2019,5.0,89.49,1.59,8,DATASUS (simulado)
2204600,Hugo Napoleão,Centro-Norte Piauiense,2020,15.12,58.09,2.21,29,DATASUS (simulado)
2204600,Hugo Napoleão,Centro-Norte Piauiense,2021,9.18,90.16,1.56,20,DATASUS (simulado)
2204600,Hugo Napoleão,Centro-Norte Piauiense,2022,20.93,81.29,1.35,36,DATASUS (simulado)
2204600,Hugo Napoleão,Centro-Norte Piauiense,2023,7.45,73.32,2.72,24,DATASUS (simulado)
2204659,Ilha Grande,Centro-Norte Piauiense,2019,13.11,98.0,2.1,26,DATASUS (simulado)
2204659,Ilha Grande,Centro-Norte Piauiense,2020,19.62,77.64,1.65,32,DATASUS (simulado)
2204659,Ilha Grande,Centro-Norte Piauiense,2021,19.99,80.72,1.29,28,DATASUS (simulado)
2204659,Ilha Grande,Centro-Norte Piauiense,2022,10.91,85.82,2.62,26,DATASUS (simulado)
2204659,Ilha Grande,Centro-Norte Piauiense,2023,13.41,74.96,1.89,7,DATASUS (simulado)
2204709,Inhuma,Centro-Norte Piauiense,2019,32.3,59.36,2.97,24,DATASUS (simulado)
2204709,Inhuma,Centro-Norte Piauiense,2020,12.99,73.5,1.92,31,DATASUS (simulado)
2204709,Inhuma,Centro-Norte Piauiense,2021,18.14,54.87,0.93,5,DATASUS (simulado)
2204709,Inhuma,Centro-Norte Piauiense,2022,21.98,68.4,1.55,24,DATASUS (simulado)
2204709,Inhuma,Centro-Norte Piauiense,2023,13.71,65.47,1.64,33,DATASUS (simulado)
2204808,Ipiranga do Piauí,Centro-Norte Piauiense,2019,17.88,98.0,1.63,25,DATASUS (simulado)
2204808,Ipiranga do Piauí,Centro-Norte Piauiense,2020,22.24,73.76,1.44,11,DATASUS (simulado)
2204808,Ipiranga do Piauí,Centro-Norte Piauiense,2021,7.21,69.12,2.45,18,DATASUS (simulado)
2204808,Ipiranga do Piauí,Centro-Norte Piauiense,2022,12.94,97.06,1.17,33,DATASUS (simulado)
2204808,Ipiranga do Piauí,Centro-Norte Piauiense,2023,13.23,68.61,1.38,32,DATASUS (simulado)
2204907,Isaías Coelho,Centro-Norte Piauiense,2019,7.19,97.5,2.28,5,DATASUS (simulado)
2204907,Isaías Coelho,Centro-Norte Piauiense,2020,11.99,88.38,1.76,38,DATASUS (simulado)
2204907,Isaías Coelho,Centro-Norte Piauiense,2021,10.27,87.8,1.97,27,DATASUS (simulado)
2204907,Isaías Coelho,Centro-Norte Piauiense,2022,19.8,78.87,2.27,10,DATASUS (simulado)
2204907,Isaías Coelho,Centro-Norte Piauiense,2023,9.31,68.59,1.43,26,DATASUS (simulado)
2205003,Itainópolis,Centro-Norte Piauiense,2019,10.74,86.87,1.31,9,DATASUS (simulado)
2205003,Itainópolis,Centro-Norte Piauiense,2020,17.15,87.84,1.46,20,DATASUS (simulado)
2205003,Itainópolis,Centro-Norte Piauiense,2021,9.29,65.82,2.6,25,DATASUS (simulado)
2205003,Itainópolis,Centro-Norte Piauiense,2022,11.85,66.26,2.64,36,DATASUS (simulado)
2205003,Itainópolis,Centro-Norte Piauiense,2023,10.8,84.48,1.6,13,DATASUS (simulado)
2205102,Itaueira,Centro-Norte Piauiense,2019,18.37,61.93,0.77,29,DATASUS (simulado)
2205102,Itaueira,Centro-Norte Piauiense,2020,12.73,74.28,1.36,5,DATASUS (simulado)
2205102,Itaueira,Centro-Norte Piauiense,2021,9.67,78.33,1.86,6,DATASUS (simulado)
2205102,Itaueira,Centro-Norte Piauiense,2022,15.86,91.65,2.39,10,DATASUS (simulado)
2205102,Itaueira,Centro-Norte Piauiense,2023,14.48,84.64,2.22,21,DATASUS (simulado)
2205151,Jacobina do Piauí,Centro-Norte Piauiense,2019,18.21,66.37,1.47,24,DATASUS (simulado)
2205151,Jacobina do Piauí,Centro-Norte Piauiense,2020,21.07,75.48,2.02,5,DATASUS (simulado)
2205151,Jacobina do Piauí,Centro-Norte Piauiense,2021,15.9,63.11,0.72,36,DATASUS (simulado)
2205151,Jacobina do Piauí,Centro-Norte Piauiense,2022,19.11,68.15,1.83,37,DATASUS (simulado)
2205151,Jacobina do Piauí,Centro-Norte Piauiense,2023,13.2,70.07,1.93,8,DATASUS (simulado)
2205201,Jaicós,Centro-Norte Piauiense,2019,17.96,98.0,1.7,23,DATASUS (simulado)
2205201,Jaicós,Centro-Norte Piauiense,2020,26.55,46.0,1.22,20,DATASUS (simulado)
2205201,Jaicós,Centro-Norte Piauiense,2021,15.8,62.24,1.67,16,DATASUS (simulado)
2205201,Jaicós,Centro-Norte Piauiense,2022,23.57,69.47,1.39,29,DATASUS (simulado)
2205201,Jaicós,Centro-Norte Piauiense,2023,13.89,54.07,1.89,12,DATASUS (simulado)
2205250,Jardim do Mulato,Centro-Norte Piauiense,2019,14.53,77.33,0.98,7,DATASUS (simulado)
2205250,Jardim do Mulato,Centro-Norte Piauiense,2020,9.44,71.12,1.46,16,DATASUS (simulado)
2205250,Jardim do Mulato,Centro-Norte Piauiense,2021,13.72,52.53,1.11,31,DATASUS (simulado)
2205250,Jardim do Mulato,Centro-Norte Piauiense,2022,18.88,67.47,2.16,9,DATASUS (simulado)
2205250,Jardim do Mulato,Centro-Norte Piauiense,2023,14.25,62.69,0.81,23,DATASUS (simulado)
2205276,Jatobá do Piauí,Centro-Norte Piauiense,2019,15.14,66.99,1.3,37,DATASUS (simulado)
2205276,Jatobá do Piauí,Centro-Norte Piauiense,2020,11.08,74.61,2.12,19,DATASUS (simulado)
2205276,Jatobá do Piauí,Centro-Norte Piauiense,2021,18.3,55.32,1.78,24,DATASUS (simulado)
2205276,Jatobá do Piauí,Centro-Norte Piauiense,2022,23.31,52.89,1.07,14,DATASUS (simulado)
2205276,Jatobá do Piauí,Centro-Norte Piauiense,2023,18.3,63.94,1.6,32,DATASUS (simulado)
2205300,Jerumenha,Centro-Norte Piauiense,2019,12.54,84.3,1.28,30,DATASUS (simulado)
2205300,Jerumenha,Centro-Norte Piauiense,2020,10.16,64.98,1.19,7,DATASUS (simulado)
2205300,Jerumenha,Centro-Norte Piauiense,2021,16.73,59.92,0.86,20,DATASUS (simulado)
2205300,Jerumenha,Centro-Norte Piauiense,2022,20.21,91.46,1.18,31,DATASUS (simulado)
2205300,Jerumenha,Centro-Norte Piauiense,2023,18.04,59.57,1.45,23,DATASUS (simulado)
2205359,João Costa,Centro-Norte Piauiense,2019,24.31,82.77,2.22,10,DATASUS (simulado)
2205359,João Costa,Centro-Norte Piauiense,2020,21.55,49.98,1.17,6,DATASUS (simulado)
2205359,João Costa,Centro-Norte Piauiense,2021,15.07,65.43,2.46,29,DATASUS (simulado)
2205359,João Costa,Centro-Norte Piauiense,2022,19.43,69.5,1.38,8,DATASUS (simulado)
2205359,João Costa,Centro-Norte Piauiense,2023,15.82,76.47,2.01,36,DATASUS (simulado)
2205409,Joaquim Pires,Centro-Norte Piauiense,2019,24.91,54.35,1.48,25,DATASUS (simulado)
2205409,Joaquim Pires,Centro-Norte Piauiense,2020,16.6,68.66,1.33,13,DATASUS (simulado)
2205409,Joaquim Pires,Centro-Norte Piauiense,2021,8.88,62.45,0.79,24,DATASUS (simulado)
2205409,Joaquim Pires,Centro-Norte Piauiense,2022,19.49,51.18,1.07,37,DATASUS (simulado)
2205409,Joaquim Pires,Centro-Norte Piauiense,2023,6.82,57.76,1.67,14,DATASUS (simulado)
2205458,Joca Marques,Centro-Norte Piauiense,2019,13.71,86.41,0.9,7,DATASUS (simulado)
2205458,Joca Marques,Centro-Norte Piauiense,2020,14.48,85.29,2.16,31,DATASUS (simulado)
2205458,Joca Marques,Centro-Norte Piauiense,2021,10.64,70.06,2.16,10,DATASUS (simulado)
2205458,Joca Marques,Centro-Norte Piauiense,2022,13.11,68.55,2.35,32,DATASUS (simulado)
2205458,Joca Marques,Centro-Norte Piauiense,2023,18.85,72.86,2.34,19,DATASUS (simulado)
2205508,José de Freitas,Centro-Norte Piauiense,2019,17.71,67.68,0.88,17,DATASUS (simulado)
2205508,José de Freitas,Centro-Norte Piauiense,2020,15.34,46.36,1.76,8,DATASUS (simulado)
2205508,José de Freitas,Centro-Norte Piauiense,2021,11.46,60.04,1.31,7,DATASUS (simulado)
2205508,José de Freitas,Centro-Norte Piauiense,2022,23.34,61.21,1.41,33,DATASUS (simulado)
2205508,José de Freitas,Centro-Norte Piauiense,2023,11.82,82.92,1.93,24,DATASUS (simulado)
2205516,Juazeiro do Piauí,Centro-Norte Piauiense,2019,23.36,65.96,2.59,29,DATASUS (simulado)
2205516,Juazeiro do Piauí,Centro-Norte Piauiense,2020,6.3,48.41,0.99,28,DATASUS (simulado)
2205516,Juazeiro do Piauí,Centro-Norte Piauiense,2021,12.56,74.42,1.08,20,DATASUS (simulado)
2205516,Juazeiro do Piauí,Centro-Norte Piauiense,2022,8.75,81.61,0.58,39,DATASUS (simulado)
2205516,Juazeiro do Piauí,Centro-Norte Piauiense,2023,16.78,50.0,1.79,16,DATASUS (simulado)
2205524,Júlio Borges,Centro-Norte Piauiense,2019,18.84,69.27,1.84,26,DATASUS (simulado)
2205524,Júlio Borges,Centro-Norte Piauiense,2020,15.56,46.0,2.34,27,DATASUS (simulado)
2205524,Júlio Borges,Centro-Norte Piauiense,2021,13.85,76.69,1.31,25,DATASUS (simulado)
2205524,Júlio Borges,Centro-Norte Piauiense,2022,21.56,75.25,0.92,37,DATASUS (simulado)
2205524,Júlio Borges,Centro-Norte Piauiense,2023,16.6,52.37,0.65,36,DATASUS (simulado)
2205532,Jurema,Centro-Norte Piauiense,2019,13.44,81.9,1.45,38,DATASUS (simulado)
2205532,Jurema,Centro-Norte Piauiense,2020,13.11,90.16,2.06,18,DATASUS (simulado)
2205532,Jurema,Centro-Norte Piauiense,2021,11.71,63.36,1.41,32,DATASUS (simulado)
2205532,Jurema,Centro-Norte Piauiense,2022,7.82,79.9,1.86,13,DATASUS (simulado)
2205532,Jurema,Centro-Norte Piauiense,2023,5.73,54.24,2.78,5,DATASUS (simulado)
2205540,Lagoinha do Piauí,Centro-Norte Piauiense,2019,19.04,59.27,1.07,17,DATASUS (simulado)
2205540,Lagoinha do Piauí,Centro-Norte Piauiense,2020,18.39,71.55,1.09,33,DATASUS (simulado)
2205540,Lagoinha do Piauí,Centro-Norte Piauiense,2021,16.84,65.26,1.58,21,DATASUS (simulado)
2205540,Lagoinha do Piauí,Centro-Norte Piauiense,2022,13.71,51.27,1.53,5,DATASUS (simulado)
2205540,Lagoinha do Piauí,Centro-Norte Piauiense,2023,16.61,66.13,1.22,19,DATASUS (simulado)
2205557,Lagoa Alegre,Centro-Norte Piauiense,2019,13.46,81.52,2.17,32,DATASUS (simulado)
2205557,Lagoa Alegre,Centro-Norte Piauiense,2020,16.27,82.58,2.26,33,DATASUS (simulado)
2205557,Lagoa Alegre,Centro-Norte Piauiense,2021,15.99,74.71,0.81,11,DATASUS (simulado)
2205557,Lagoa Alegre,Centro-Norte Piauiense,2022,12.96,61.32,1.75,6,DATASUS (simulado)
2205557,Lagoa Alegre,Centro-Norte Piauiense,2023,11.52,50.0,1.83,22,DATASUS (simulado)
2205565,Lagoa do Barro do Piauí,Centro-Norte Piauiense,2019,12.97,81.14,1.99,36,DATASUS (simulado)
2205565,Lagoa do Barro do Piauí,Centro-Norte Piauiense,2020,13.55,68.63,2.25,19,DATASUS (simulado)
2205565,Lagoa do Barro do Piauí,Centro-Norte Piauiense,2021,9.66,77.24,1.68,22,DATASUS (simulado)
2205565,Lagoa do Barro do Piauí,Centro-Norte Piauiense,2022,19.12,75.75,1.02,23,DATASUS (simulado)
2205565,Lagoa do Barro do Piauí,Centro-Norte Piauiense,2023,15.94,83.47,1.82,8,DATASUS (simulado)
2205573,Lagoa de São Francisco,Centro-Norte Piauiense,2019,23.96,71.83,2.45,31,DATASUS (simulado)
2205573,Lagoa de São Francisco,Centro-Norte Piauiense,2020,19.69,81.46,1.6,13,DATASUS (simulado)
2205573,Lagoa de São Francisco,Centro-Norte Piauiense,2021,15.89,85.91,2.5,36,DATASUS (simulado)
2205573,Lagoa de São Francisco,Centro-Norte Piauiense,2022,16.32,61.49,1.83,23,DATASUS (simulado)
2205573,Lagoa de São Francisco,Centro-Norte Piauiense,2023,20.96,83.59,1.58,32,DATASUS (simulado)
2205581,Lagoa do Piauí,Centro-Norte Piauiense,2019,13.79,57.23,1.51,20,DATASUS (simulado)
2205581,Lagoa do Piauí,Centro-Norte Piauiense,2020,18.57,80.71,2.08,26,DATASUS (simulado)
2205581,Lagoa do Piauí,Centro-Norte Piauiense,2021,17.09,56.03,2.22,17,DATASUS (simulado)
2205581,Lagoa do Piauí,Centro-Norte Piauiense,2022,11.19,88.49,1.06,6,DATASUS (simulado)
2205581,Lagoa do Piauí,Centro-Norte Piauiense,2023,16.66,80.63,1.61,15,DATASUS (simulado)
2205599,Lagoa do Sítio,Centro-Norte Piauiense,2019,12.75,84.16,1.84,36,DATASUS (simulado)
2205599,Lagoa do Sítio,Centro-Norte Piauiense,2020,22.1,77.78,0.5,7,DATASUS (simulado)
2205599,Lagoa do Sítio,Centro-Norte Piauiense,2021,17.46,66.76,0.99,32,DATASUS (simulado)
2205599,Lagoa do Sítio,Centro-Norte Piauiense,2022,11.78,50.0,1.44,31,DATASUS (simulado)
2205599,Lagoa do Sítio,Centro-Norte Piauiense,2023,8.28,73.34,2.1,8,DATASUS (simulado)
2205607,Landri Sales,Centro-Norte Piauiense,2019,16.97,83.99,1.9,28,DATASUS (simulado)
2205607,Landri Sales,Centro-Norte Piauiense,2020,15.3,67.46,1.41,5,DATASUS (simulado)
2205607,Landri Sales,Centro-Norte Piauiense,2021,5.0,54.64,1.79,25,DATASUS (simulado)
2205607,Landri Sales,Centro-Norte Piauiense,2022,18.33,84.06,1.74,33,DATASUS (simulado)
2205607,Landri Sales,Centro-Norte Piauiense,2023,20.25,98.0,1.55,22,DATASUS (simulado)
2205706,Luís Correia,Centro-Norte Piauiense,2019,15.04,73.32,1.22,31,DATASUS (simulado)
2205706,Luís Correia,Centro-Norte Piauiense,2020,17.66,68.69,1.88,14,DATASUS (simulado)
2205706,Luís Correia,Centro-Norte Piauiense,2021,16.62,58.23,0.69,17,DATASUS (simulado)
2205706,Luís Correia,Centro-Norte Piauiense,2022,19.53,80.16,1.28,15,DATASUS (simulado)
2205706,Luís Correia,Centro-Norte Piauiense,2023,10.83,78.94,1.59,39,DATASUS (simulado)
2205805,Luzilândia,Centro-Norte Piauiense,2019,11.47,65.46,1.94,14,DATASUS (simulado)
2205805,Luzilândia,Centro-Norte Piauiense,2020,13.35,59.77,2.28,6,DATASUS (simulado)
2205805,Luzilândia,Centro-Norte Piauiense,2021,20.33,52.6,2.37,24,DATASUS (simulado)
2205805,Luzilândia,Centro-Norte Piauiense,2022,21.27,69.38,0.86,32,DATASUS (simulado)
2205805,Luzilândia,Centro-Norte Piauiense,2023,8.66,50.0,1.68,25,DATASUS (simulado)
2205854,Madeiro,Centro-Norte Piauiense,2019,18.27,85.92,1.51,15,DATASUS (simulado)
2205854,Madeiro,Centro-Norte Piauiense,2020,15.45,64.44,2.34,22,DATASUS (simulado)
2205854,Madeiro,Centro-Norte Piauiense,2021,11.94,70.97,1.9,14,DATASUS (simulado)
2205854,Madeiro,Centro-Norte Piauiense,2022,14.5,94.6,1.98,11,DATASUS (simulado)
2205854,Madeiro,Centro-Norte Piauiense,2023,7.9,79.78,1.61,21,DATASUS (simulado)
2205904,Manoel Emídio,Centro-Norte Piauiense,2019,25.21,66.75,1.87,24,DATASUS (simulado)
2205904,Manoel Emídio,Centro-Norte Piauiense,2020,14.89,51.11,2.65,7,DATASUS (simulado)
2205904,Manoel Emídio,Centro-Norte Piauiense,2021,13.15,69.95,1.77,17,DATASUS (simulado)
2205904,Manoel Emídio,Centro-Norte Piauiense,2022,16.35,56.96,1.89,30,DATASUS (simulado)
2205904,Manoel Emídio,Centro-Norte Piauiense,2023,13.8,65.74,1.82,26,DATASUS (simulado)
2205953,Marcolândia,Centro-Norte Piauiense,2019,12.38,81.94,2.0,24,DATASUS (simulado)
2205953,Marcolândia,Centro-Norte Piauiense,2020,13.47,60.94,2.23,31,DATASUS (simulado)
2205953,Marcolândia,Centro-Norte Piauiense,2021,9.23,84.42,2.06,12,DATASUS (simulado)
2205953,Marcolândia,Centro-Norte Piauiense,2022,13.8,75.56,1.48,16,DATASUS (simulado)
2205953,Marcolândia,Centro-Norte Piauiense,2023,14.86,83.51,1.58,38,DATASUS (simulado)
2206001,Marcos Parente,Centro-Norte Piauiense,2019,16.63,56.93,1.54,28,DATASUS (simulado)
2206001,Marcos Parente,Centro-Norte Piauiense,2020,8.66,54.76,1.26,12,DATASUS (simulado)
2206001,Marcos Parente,Centro-Norte Piauiense,2021,22.08,54.91,2.11,17,DATASUS (simulado)
2206001,Marcos Parente,Centro-Norte Piauiense,2022,14.57,69.06,2.0,27,DATASUS (simulado)
2206001,Marcos Parente,Centro-Norte Piauiense,2023,14.22,75.29,2.31,9,DATASUS (simulado)
2206050,Massapê do Piauí,Centro-Norte Piauiense,2019,22.81,73.34,1.25,27,DATASUS (simulado)
2206050,Massapê do Piauí,Centro-Norte Piauiense,2020,9.32,67.86,1.38,35,DATASUS (simulado)
2206050,Massapê do Piauí,Centro-Norte Piauiense,2021,22.37,60.48,1.36,26,DATASUS (simulado)
2206050,Massapê do Piauí,Centro-Norte Piauiense,2022,7.42,81.24,2.61,16,DATASUS (simulado)
2206050,Massapê do Piauí,Centro-Norte Piauiense,2023,16.44,79.16,1.99,17,DATASUS (simulado)
2206100,Matias Olímpio,Centro-Norte Piauiense,2019,6.41,56.82,1.45,22,DATASUS (simulado)
2206100,Matias Olímpio,Centro-Norte Piauiense,2020,26.26,61.01,2.63,11,DATASUS (simulado)
2206100,Matias Olímpio,Centro-Norte Piauiense,2021,18.34,67.61,1.57,20,DATASUS (simulado)
2206100,Matias Olímpio,Centro-Norte Piauiense,2022,12.46,50.0,1.46,17,DATASUS (simulado)
2206100,Matias Olímpio,Centro-Norte Piauiense,2023,16.49,91.78,1.74,30,DATASUS (simulado)
2206209,Miguel Alves,Centro-Norte Piauiense,2019,14.09,86.01,1.34,32,DATASUS (simulado)
2206209,Miguel Alves,Centro-Norte Piauiense,2020,19.91,70.63,1.67,7,DATASUS (simulado)
2206209,Miguel Alves,Centro-Norte Piauiense,2021,17.0,63.31,1.97,12,DATASUS (simulado)
2206209,Miguel Alves,Centro-Norte Piauiense,2022,13.53,50.0,2.24,10,DATASUS (simulado)
2206209,Miguel Alves,Centro-Norte Piauiense,2023,20.27,67.82,1.42,35,DATASUS (simulado)
2206308,Miguel Leão,Centro-Norte Piauiense,2019,12.79,59.54,2.38,29,DATASUS (simulado)
2206308,Miguel Leão,Centro-Norte Piauiense,2020,26.06,90.16,2.71,24,DATASUS (simulado)
2206308,Miguel Leão,Centro-Norte Piauiense,2021,16.02,60.67,1.66,37,DATASUS (simulado)
2206308,Miguel Leão,Centro-Norte Piauiense,2022,6.19,84.77,1.46,31,DATASUS (simulado)
2206308,Miguel Leão,Centro-Norte Piauiense,2023,8.91,73.9,1.6,17,DATASUS (simulado)
2206357,Milton Brandão,Centro-Norte Piauiense,2019,6.33,50.0,1.26,6,DATASUS (simulado)
2206357,Milton Brandão,Centro-Norte Piauiense,2020,19.46,60.73,2.37,34,DATASUS (simulado)
2206357,Milton Brandão,Centro-Norte Piauiense,2021,22.68,55.81,1.26,23,DATASUS (simulado)
2206357,Milton Brandão,Centro-Norte Piauiense,2022,10.92,74.27,1.67,14,DATASUS (simulado)
2206357,Milton Brandão,Centro-Norte Piauiense,2023,13.96,68.82,0.85,13,DATASUS (simulado)
2206407,Monsenhor Gil,Centro-Norte Piauiense,2019,21.46,62.07,1.72,39,DATASUS (simulado)
2206407,Monsenhor Gil,Centro-Norte Piauiense,2020,13.16,67.93,1.36,18,DATASUS (simulado)
2206407,Monsenhor Gil,Centro-Norte Piauiense,2021,6.47,62.76,1.82,15,DATASUS (simulado)
2206407,Monsenhor Gil,Centro-Norte Piauiense,2022,25.92,75.89,1.71,25,DATASUS (simulado)
2206407,Monsenhor Gil,Centro-Norte Piauiense,2023,8.87,74.44,1.63,10,DATASUS (simulado)
2206506,Monsenhor Hipólito,Centro-Norte Piauiense,2019,9.18,57.04,1.46,12,DATASUS (simulado)
2206506,Monsenhor Hipólito,Centro-Norte Piauiense,2020,23.84,56.22,2.05,15,DATASUS (simulado)
2206506,Monsenhor Hipólito,Centro-Norte Piauiense,2021,10.71,50.55,2.28,10,DATASUS (simulado)
2206506,Monsenhor Hipólito,Centro-Norte Piauiense,2022,23.88,55.66,2.25,6,DATASUS (simulado)
2206506,Monsenhor Hipólito,Centro-Norte Piauiense,2023,21.95,89.65,0.58,17,DATASUS (simulado)
2206605,Monte Alegre do Piauí,Centro-Norte Piauiense,2019,14.89,89.53,2.63,23,DATASUS (simulado)
2206605,Monte Alegre do Piauí,Centro-Norte Piauiense,2020,8.7,58.58,1.84,5,DATASUS (simulado)
2206605,Monte Alegre do Piauí,Centro-Norte Piauiense,2021,9.85,76.33,1.91,28,DATASUS (simulado)
2206605,Monte Alegre do Piauí,Centro-Norte Piauiense,2022,16.76,76.74,2.06,28,DATASUS (simulado)
2206605,Monte Alegre do Piauí,Centro-Norte Piauiense,2023,7.53,71.29,0.9,38,DATASUS (simulado)
2206654,Morro Cabeça no Tempo,Centro-Norte Piauiense,2019,8.27,87.06,1.57,7,DATASUS (simulado)
2206654,Morro Cabeça no Tempo,Centro-Norte Piauiense,2020,10.19,60.19,2.72,38,DATASUS (simulado)
2206654,Morro Cabeça no Tempo,Centro-Norte Piauiense,2021,12.33,81.2,1.44,5,DATASUS (simulado)
2206654,Morro Cabeça no Tempo,Centro-Norte Piauiense,2022,19.01,96.86,1.63,7,DATASUS (simulado)
2206654,Morro Cabeça no Tempo,Centro-Norte Piauiense,2023,9.47,54.2,1.96,19,DATASUS (simulado)
2206670,Morro do Chapéu do Piauí,Centro-Norte Piauiense,2019,23.27,86.84,2.55,28,DATASUS (simulado)
2206670,Morro do Chapéu do Piauí,Centro-Norte Piauiense,2020,15.02,60.19,1.72,27,DATASUS (simulado)
2206670,Morro do Chapéu do Piauí,Centro-Norte Piauiense,2021,17.69,77.33,1.96,32,DATASUS (simulado)
2206670,Morro do Chapéu do Piauí,Centro-Norte Piauiense,2022,14.16,90.46,1.49,14,DATASUS (simulado)
2206670,Morro do Chapéu do Piauí,Centro-Norte Piauiense,2023,21.83,83.13,2.11,9,DATASUS (simulado)
2206696,Murici dos Portelas,Centro-Norte Piauiense,2019,13.34,64.1,0.9,6,DATASUS (simulado)
2206696,Murici dos Portelas,Centro-Norte Piauiense,2020,18.87,66.38,2.65,16,DATASUS (simulado)
2206696,Murici dos Portelas,Centro-Norte Piauiense,2021,17.78,65.88,1.81,32,DATASUS (simulado)
2206696,Murici dos Portelas,Centro-Norte Piauiense,2022,23.93,66.29,1.84,38,DATASUS (simulado)
2206696,Murici dos Portelas,Centro-Norte Piauiense,2023,13.57,89.73,1.89,5,DATASUS (simulado)
2206704,Nazaré do Piauí,Centro-Norte Piauiense,2019,7.17,87.31,1.58,25,DATASUS (simulado)
2206704,Nazaré do Piauí,Centro-Norte Piauiense,2020,12.3,77.36,2.05,21,DATASUS (simulado)
2206704,Nazaré do Piauí,Centro-Norte Piauiense,2021,14.24,63.83,1.66,21,DATASUS (simulado)
2206704,Nazaré do Piauí,Centro-Norte Piauiense,2022,10.81,94.81,2.04,18,DATASUS (simulado)
2206704,Nazaré do Piauí,Centro-Norte Piauiense,2023,16.92,96.73,1.74,31,DATASUS (simulado)
2206720,Nazária,Centro-Norte Piauiense,2019,10.99,89.07,1.61,27,DATASUS (simulado)
2206720,Nazária,Centro-Norte Piauiense,2020,15.4,66.41,1.9,9,DATASUS (simulado)
2206720,Nazária,Centro-Norte Piauiense,2021,8.51,62.96,2.47,8,DATASUS (simulado)
2206720,Nazária,Centro-Norte Piauiense,2022,21.36,98.0,2.13,17,DATASUS (simulado)
2206720,Nazária,Centro-Norte Piauiense,2023,9.79,69.16,2.65,39,DATASUS (simulado)
2206753,Nossa Senhora de Nazaré,Centro-Norte Piauiense,2019,14.63,77.25,1.6,39,DATASUS (simulado)
2206753,Nossa Senhora de Nazaré,Centro-Norte Piauiense,2020,19.79,69.75,2.13,21,DATASUS (simulado)
2206753,Nossa Senhora de Nazaré,Centro-Norte Piauiense,2021,19.69,90.16,1.74,10,DATASUS (simulado)
2206753,Nossa Senhora de Nazaré,Centro-Norte Piauiense,2022,19.21,95.28,1.83,8,DATASUS (simulado)
2206753,Nossa Senhora de Nazaré,Centro-Norte Piauiense,2023,9.74,74.36,1.94,20,DATASUS (simulado)
2206803,Nossa Senhora dos Remédios,Centro-Norte Piauiense,2019,14.17,71.55,1.11,28,DATASUS (simulado)
2206803,Nossa Senhora dos Remédios,Centro-Norte Piauiense,2020,15.95,81.54,1.62,11,DATASUS (simulado)
2206803,Nossa Senhora dos Remédios,Centro-Norte Piauiense,2021,20.9,87.45,2.6,22,DATASUS (simulado)
2206803,Nossa Senhora dos Remédios,Centro-Norte Piauiense,2022,10.95,63.9,0.81,27,DATASUS (simulado)
2206803,Nossa Senhora dos Remédios,Centro-Norte Piauiense,2023,14.22,92.96,1.75,8,DATASUS (simulado)
2206902,Novo Oriente do Piauí,Centro-Norte Piauiense,2019,21.39,73.26,2.55,22,DATASUS (simulado)
2206902,Novo Oriente do Piauí,Centro-Norte Piauiense,2020,16.79,49.56,2.01,10,DATASUS (simulado)
2206902,Novo Oriente do Piauí,Centro-Norte Piauiense,2021,13.54,64.87,1.71,7,DATASUS (simulado)
2206902,Novo Oriente do Piauí,Centro-Norte Piauiense,2022,17.33,83.19,1.22,21,DATASUS (simulado)
2206902,Novo Oriente do Piauí,Centro-Norte Piauiense,2023,20.29,62.86,2.4,26,DATASUS (simulado)
2206951,Novo Santo Antônio,Centro-Norte Piauiense,2019,12.96,95.98,1.78,15,DATASUS (simulado)
2206951,Novo Santo Antônio,Centro-Norte Piauiense,2020,9.03,90.16,1.81,13,DATASUS (simulado)
2206951,Novo Santo Antônio,Centro-Norte Piauiense,2021,21.84,85.92,1.57,13,DATASUS (simulado)
2206951,Novo Santo Antônio,Centro-Norte Piauiense,2022,15.11,85.86,1.36,9,DATASUS (simulado)
2206951,Novo Santo Antônio,Centro-Norte Piauiense,2023,15.27,58.1,1.35,29,DATASUS (simulado)
2207009,Oeiras,Centro-Norte Piauiense,2019,13.06,86.6,2.32,34,DATASUS (simulado)
2207009,Oeiras,Centro-Norte Piauiense,2020,19.43,90.16,1.65,15,DATASUS (simulado)
2207009,Oeiras,Centro-Norte Piauiense,2021,10.84,60.54,1.44,6,DATASUS (simulado)
2207009,Oeiras,Centro-Norte Piauiense,2022,12.91,87.63,0.94,30,DATASUS (simulado)
2207009,Oeiras,Centro-Norte Piauiense,2023,19.91,65.56,1.48,16,DATASUS (simulado)
2207108,Olho D'Água do Piauí,Centro-Norte Piauiense,2019,18.91,57.13,3.15,12,DATASUS (simulado)
2207108,Olho D'Água do Piauí,Centro-Norte Piauiense,2020,20.34,71.6,2.33,16,DATASUS (simulado)
2207108,Olho D'Água do Piauí,Centro-Norte Piauiense,2021,7.75,70.86,1.59,25,DATASUS (simulado)
2207108,Olho D'Água do Piauí,Centro-Norte Piauiense,2022,7.94,63.42,2.37,27,DATASUS (simulado)
2207108,Olho D'Água do Piauí,Centro-Norte Piauiense,2023,16.38,71.43,1.93,33,DATASUS (simulado)
2207207,Padre Marcos,Centro-Norte Piauiense,2019,10.69,69.1,1.14,23,DATASUS (simulado)
2207207,Padre Marcos,Centro-Norte Piauiense,2020,10.44,68.04,2.22,33,DATASUS (simulado)
2207207,Padre Marcos,Centro-Norte Piauiense,2021,12.11,69.97,1.61,6,DATASUS (simulado)
2207207,Padre Marcos,Centro-Norte Piauiense,2022,21.63,71.18,2.74,17,DATASUS (simulado)
2207207,Padre Marcos,Centro-Norte Piauiense,2023,8.56,66.04,1.34,13,DATASUS (simulado)
2207306,Paes Landim,Centro-Norte Piauiense,2019,12.73,58.46,2.19,24,DATASUS (simulado)
2207306,Paes Landim,Centro-Norte Piauiense,2020,9.05,80.35,2.08,22,DATASUS (simulado)
2207306,Paes Landim,Centro-Norte Piauiense,2021,15.12,65.42,1.4,8,DATASUS (simulado)
2207306,Paes Landim,Centro-Norte Piauiense,2022,14.53,71.08,1.71,13,DATASUS (simulado)
2207306,Paes Landim,Centro-Norte Piauiense,2023,18.34,97.55,1.61,36,DATASUS (simulado)
2207355,Pajeú do Piauí,Centro-Norte Piauiense,2019,19.87,54.14,2.56,6,DATASUS (simulado)
2207355,Pajeú do Piauí,Centro-Norte Piauiense,2020,23.68,76.53,2.79,35,DATASUS (simulado)
2207355,Pajeú do Piauí,Centro-Norte Piauiense,2021,15.71,74.57,1.95,25,DATASUS (simulado)
2207355,Pajeú do Piauí,Centro-Norte Piauiense,2022,10.57,61.79,1.29,28,DATASUS (simulado)
2207355,Pajeú do Piauí,Centro-Norte Piauiense,2023,19.15,61.27,1.69,15,DATASUS (simulado)
2207405,Palmeira do Piauí,Centro-Norte Piauiense,2019,12.24,89.33,2.34,6,DATASUS (simulado)
2207405,Palmeira do Piauí,Centro-Norte Piauiense,2020,22.66,79.85,1.86,37,DATASUS (simulado)
2207405,Palmeira do Piauí,Centro-Norte Piauiense,2021,20.78,79.98,2.03,24,DATASUS (simulado)
2207405,Palmeira do Piauí,Centro-Norte Piauiense,2022,8.7,70.71,2.06,20,DATASUS (simulado)
2207405,Palmeira do Piauí,Centro-Norte Piauiense,2023,11.91,53.21,1.78,16,DATASUS (simulado)
2207504,Palmeirais,Centro-Norte Piauiense,2019,18.28,73.97,1.6,38,DATASUS (simulado)
2207504,Palmeirais,Centro-Norte Piauiense,2020,14.99,80.75,2.1,28,DATASUS (simulado)
2207504,Palmeirais,Centro-Norte Piauiense,2021,20.52,90.16,1.69,18,DATASUS (simulado)
2207504,Palmeirais,Centro-Norte Piauiense,2022,20.96,67.99,1.17,28,DATASUS (simulado)
2207504,Palmeirais,Centro-Norte Piauiense,2023,15.97,81.62,0.7,22,DATASUS (simulado)
2207553,Paquetá,Centro-Norte Piauiense,2019,17.14,68.1,2.17,29,DATASUS (simulado)
2207553,Paquetá,Centro-Norte Piauiense,2020,19.02,75.91,1.48,24,DATASUS (simulado)
2207553,Paquetá,Centro-Norte Piauiense,2021,14.62,69.05,2.06,18,DATASUS (simulado)
2207553,Paquetá,Centro-Norte Piauiense,2022,9.19,65.26,1.69,16,DATASUS (simulado)
2207553,Paquetá,Centro-Norte Piauiense,2023,20.39,57.08,0.74,36,DATASUS (simulado)
2207603,Parnaguá,Centro-Norte Piauiense,2019,20.83,64.94,0.5,9,DATASUS (simulado)
2207603,Parnaguá,Centro-Norte Piauiense,2020,15.86,51.03,2.02,19,DATASUS (simulado)
2207603,Parnaguá,Centro-Norte Piauiense,2021,20.2,67.12,0.63,27,DATASUS (simulado)
2207603,Parnaguá,Centro-Norte Piauiense,2022,22.91,68.66,2.36,9,DATASUS (simulado)
2207603,Parnaguá,Centro-Norte Piauiense,2023,10.47,50.0,1.29,5,DATASUS (simulado)
2207702,Parnaíba,Centro-Norte Piauiense,2019,10.08,82.79,2.78,95,DATASUS (simulado)
2207702,Parnaíba,Centro-Norte Piauiense,2020,5.0,73.15,2.58,80,DATASUS (simulado)
2207702,Parnaíba,Centro-Norte Piauiense,2021,21.07,68.91,1.49,130,DATASUS (simulado)
2207702,Parnaíba,Centro-Norte Piauiense,2022,18.11,98.0,1.69,148,DATASUS (simulado)
2207702,Parnaíba,Centro-Norte Piauiense,2023,20.82,94.68,2.59,83,DATASUS (simulado)
2207751,Passagem Franca do Piauí,Centro-Norte Piauiense,2019,19.23,76.76,1.72,17,DATASUS (simulado)
2207751,Passagem Franca do Piauí,Centro-Norte Piauiense,2020,25.26,58.11,1.63,12,DATASUS (simulado)
2207751,Passagem Franca do Piauí,Centro-Norte Piauiense,2021,16.61,90.16,1.49,32,DATASUS (simulado)
2207751,Passagem Franca do Piauí,Centro-Norte Piauiense,2022,17.59,89.77,1.43,15,DATASUS (simulado)
2207751,Passagem Franca do Piauí,Centro-Norte Piauiense,2023,13.7,88.59,2.05,38,DATASUS (simulado)
2207777,Patos do Piauí,Centro-Norte Piauiense,2019,24.68,76.66,1.43,32,DATASUS (simulado)
2207777,Patos do Piauí,Centro-Norte Piauiense,2020,9.13,88.29,2.13,11,DATASUS (simulado)
2207777,Patos do Piauí,Centro-Norte Piauiense,2021,11.64,90.16,2.14,16,DATASUS (simulado)
2207777,Patos do Piauí,Centro-Norte Piauiense,2022,9.34,85.37,1.72,28,DATASUS (simulado)
2207777,Patos do Piauí,Centro-Norte Piauiense,2023,11.06,87.35,1.89,36,DATASUS (simulado)
2207793,Pau D'Arco do Piauí,Centro-Norte Piauiense,2019,16.56,73.58,2.64,15,DATASUS (simulado)
2207793,Pau D'Arco do Piauí,Centro-Norte Piauiense,2020,18.6,47.57,1.52,30,DATASUS (simulado)
2207793,Pau D'Arco do Piauí,Centro-Norte Piauiense,2021,19.43,69.27,2.52,37,DATASUS (simulado)
2207793,Pau D'Arco do Piauí,Centro-Norte Piauiense,2022,7.66,77.26,0.82,33,DATASUS (simulado)
2207793,Pau D'Arco do Piauí,Centro-Norte Piauiense,2023,10.19,75.36,2.38,29,DATASUS (simulado)
2207801,Paulistana,Centro-Norte Piauiense,2019,5.0,65.98,1.62,27,DATASUS (simulado)
2207801,Paulistana,Centro-Norte Piauiense,2020,23.35,90.16,1.68,21,DATASUS (simulado)
2207801,Paulistana,Centro-Norte Piauiense,2021,25.53,69.68,1.08,37,DATASUS (simulado)
2207801,Paulistana,Centro-Norte Piauiense,2022,20.48,78.89,1.49,38,DATASUS (simulado)
2207801,Paulistana,Centro-Norte Piauiense,2023,13.29,77.24,1.48,11,DATASUS (simulado)
2207850,Pavussu,Centro-Norte Piauiense,2019,17.88,90.94,2.02,39,DATASUS (simulado)
2207850,Pavussu,Centro-Norte Piauiense,2020,12.5,66.99,2.03,31,DATASUS (simulado)
2207850,Pavussu,Centro-Norte Piauiense,2021,5.0,60.62,2.04,32,DATASUS (simulado)
2207850,Pavussu,Centro-Norte Piauiense,2022,9.71,73.71,1.78,8,DATASUS (simulado)
2207850,Pavussu,Centro-Norte Piauiense,2023,7.53,84.85,3.08,30,DATASUS (simulado)
2207900,Pedro II,Centro-Norte Piauiense,2019,16.02,50.0,1.56,6,DATASUS (simulado)
2207900,Pedro II,Centro-Norte Piauiense,2020,9.3,83.74,2.09,22,DATASUS (simulado)
2207900,Pedro II,Centro-Norte Piauiense,2021,9.23,64.9,1.29,30,DATASUS (simulado)
2207900,Pedro II,Centro-Norte Piauiense,2022,19.65,83.11,0.6,35,DATASUS (simulado)
2207900,Pedro II,Centro-Norte Piauiense,2023,16.11,93.25,2.29,16,DATASUS (simulado)
2207934,Pedro Laurentino,Centro-Norte Piauiense,2019,12.78,71.24,2.3,19,DATASUS (simulado)
2207934,Pedro Laurentino,Centro-Norte Piauiense,2020,12.78,72.82,1.79,37,DATASUS (simulado)
2207934,Pedro Laurentino,Centro-Norte Piauiense,2021,7.2,67.36,2.12,15,DATASUS (simulado)
2207934,Pedro Laurentino,Centro-Norte Piauiense,2022,15.31,92.82,2.45,26,DATASUS (simulado)
2207934,Pedro Laurentino,Centro-Norte Piauiense,2023,10.59,50.0,1.12,25,DATASUS (simulado)
2207959,Nova Santa Rita,Centro-Norte Piauiense,2019,16.73,79.57,3.07,32,DATASUS (simulado)
2207959,Nova Santa Rita,Centro-Norte Piauiense,2020,18.28,74.12,1.77,26,DATASUS (simulado)
2207959,Nova Santa Rita,Centro-Norte Piauiense,2021,14.28,67.5,2.01,14,DATASUS (simulado)
2207959,Nova Santa Rita,Centro-Norte Piauiense,2022,21.21,54.63,2.31,11,DATASUS (simulado)
2207959,Nova Santa Rita,Centro-Norte Piauiense,2023,6.91,78.22,1.68,19,DATASUS (simulado)
2208007,Picos,Sudeste Piauiense,2019,10.48,66.27,2.78,117,DATASUS (simulado)
2208007,Picos,Sudeste Piauiense,2020,5.0,90.16,2.61,126,DATASUS (simulado)
2208007,Picos,Sudeste Piauiense,2021,10.81,71.32,2.07,124,DATASUS (simulado)
2208007,Picos,Sudeste Piauiense,2022,17.7,98.0,1.81,94,DATASUS (simulado)
2208007,Picos,Sudeste Piauiense,2023,10.55,93.55,2.33,101,DATASUS (simulado)
2208106,Pimenteiras,Centro-Norte Piauiense,2019,28.34,71.12,1.29,29,DATASUS (simulado)
2208106,Pimenteiras,Centro-Norte Piauiense,2020,21.57,65.97,1.91,18,DATASUS (simulado)
2208106,Pimenteiras,Centro-Norte Piauiense,2021,13.52,46.0,2.02,22,DATASUS (simulado)
2208106,Pimenteiras,Centro-Norte Piauiense,2022,6.23,52.42,1.79,32,DATASUS (simulado)
2208106,Pimenteiras,Centro-Norte Piauiense,2023,10.83,85.2,0.5,24,DATASUS (simulado)
2208205,Pio IX,Centro-Norte Piauiense,2019,15.66,61.76,1.61,38,DATASUS (simulado)
2208205,Pio IX,Centro-Norte Piauiense,2020,19.58,61.33,1.57,9,DATASUS (simulado)
2208205,Pio IX,Centro-Norte Piauiense,2021,11.49,67.55,2.1,16,DATASUS (simulado)
2208205,Pio IX,Centro-Norte Piauiense,2022,15.33,61.7,2.17,39,DATASUS (simulado)
2208205,Pio IX,Centro-Norte Piauiense,2023,12.76,80.31,1.03,18,DATASUS (simulado)
2208304,Piracuruca,Centro-Norte Piauiense,2019,12.18,84.89,1.1,26,DATASUS (simulado)
2208304,Piracuruca,Centro-Norte Piauiense,2020,5.86,77.04,1.6,22,DATASUS (simulado)
2208304,Piracuruca,Centro-Norte Piauiense,2021,11.05,80.64,1.48,32,DATASUS (simulado)
2208304,Piracuruca,Centro-Norte Piauiense,2022,20.77,81.82,2.01,30,DATASUS (simulado)
2208304,Piracuruca,Centro-Norte Piauiense,2023,15.02,87.15,2.85,27,DATASUS (simulado)
2208403,Piripiri,Centro-Norte Piauiense,2019,10.96,78.24,2.12,32,DATASUS (simulado)
2208403,Piripiri,Centro-Norte Piauiense,2020,8.12,90.16,1.78,27,DATASUS (simulado)
2208403,Piripiri,Centro-Norte Piauiense,2021,6.82,50.35,1.81,34,DATASUS (simulado)
2208403,Piripiri,Centro-Norte Piauiense,2022,11.53,92.49,2.44,27,DATASUS (simulado)
2208403,Piripiri,Centro-Norte Piauiense,2023,6.05,73.49,1.71,28,DATASUS (simulado)
2208502,Porto,Centro-Norte Piauiense,2019,22.13,63.29,0.89,13,DATASUS (simulado)
2208502,Porto,Centro-Norte Piauiense,2020,17.95,59.1,2.46,25,DATASUS (simulado)
2208502,Porto,Centro-Norte Piauiense,2021,18.9,81.31,1.14,32,DATASUS (simulado)
2208502,Porto,Centro-Norte Piauiense,2022,14.96,74.94,2.95,29,DATASUS (simulado)
2208502,Porto,Centro-Norte Piauiense,2023,10.77,50.0,1.6,10,DATASUS (simulado)
2208551,Porto Alegre do Piauí,Centro-Norte Piauiense,2019,18.38,68.71,1.45,7,DATASUS (simulado)
2208551,Porto Alegre do Piauí,Centro-Norte Piauiense,2020,15.88,48.16,1.75,28,DATASUS (simulado)
2208551,Porto Alegre do Piauí,Centro-Norte Piauiense,2021,12.32,73.09,1.66,29,DATASUS (simulado)
2208551,Porto Alegre do Piauí,Centro-Norte Piauiense,2022,20.45,70.16,2.26,23,DATASUS (simulado)
2208551,Porto Alegre do Piauí,Centro-Norte Piauiense,2023,17.39,50.0,2.05,13,DATASUS (simulado)
2208601,Prata do Piauí,Centro-Norte Piauiense,2019,7.56,85.38,1.55,22,DATASUS (simulado)
2208601,Prata do Piauí,Centro-Norte Piauiense,2020,10.44,81.15,1.05,10,DATASUS (simulado)
2208601,Prata do Piauí,Centro-Norte Piauiense,2021,9.91,76.96,1.77,35,DATASUS (simulado)
2208601,Prata do Piauí,Centro-Norte Piauiense,2022,15.08,82.79,1.32,22,DATASUS (simulado)
2208601,Prata do Piauí,Centro-Norte Piauiense,2023,9.21,63.18,2.63,13,DATASUS (simulado)
2208650,Queimada Nova,Centro-Norte Piauiense,2019,21.39,61.29,1.31,19,DATASUS (simulado)
2208650,Queimada Nova,Centro-Norte Piauiense,2020,26.69,51.42,2.4,17,DATASUS (simulado)
2208650,Queimada Nova,Centro-Norte Piauiense,2021,20.59,63.36,1.61,7,DATASUS (simulado)
2208650,Queimada Nova,Centro-Norte Piauiense,2022,13.17,79.06,1.53,17,DATASUS (simulado)
2208650,Queimada Nova,Centro-Norte Piauiense,2023,12.41,68.93,1.09,14,DATASUS (simulado)
2208700,Redenção do Gurguéia,Centro-Norte Piauiense,2019,25.44,75.77,1.87,25,DATASUS (simulado)
2208700,Redenção do Gurguéia,Centro-Norte Piauiense,2020,18.26,66.23,1.98,9,DATASUS (simulado)
2208700,Redenção do Gurguéia,Centro-Norte Piauiense,2021,18.56,79.84,1.73,21,DATASUS (simulado)
2208700,Redenção do Gurguéia,Centro-Norte Piauiense,2022,16.54,97.25,1.26,10,DATASUS (simulado)
2208700,Redenção do Gurguéia,Centro-Norte Piauiense,2023,9.18,69.64,1.46,9,DATASUS (simulado)
2208809,Regeneração,Centro-Norte Piauiense,2019,10.01,69.53,1.1,23,DATASUS (simulado)
2208809,Regeneração,Centro-Norte Piauiense,2020,18.89,70.01,2.05,19,DATASUS (simulado)
2208809,Regeneração,Centro-Norte Piauiense,2021,16.72,74.16,1.95,18,DATASUS (simulado)
2208809,Regeneração,Centro-Norte Piauiense,2022,6.64,61.67,1.8,12,DATASUS (simulado)
2208809,Regeneração,Centro-Norte Piauiense,2023,10.24,77.73,1.43,23,DATASUS (simulado)
2208858,Riacho Frio,Centro-Norte Piauiense,2019,13.21,84.12,1.53,28,DATASUS (simulado)
2208858,Riacho Frio,Centro-Norte Piauiense,2020,16.91,65.12,1.74,28,DATASUS (simulado)
2208858,Riacho Frio,Centro-Norte Piauiense,2021,10.73,60.77,1.62,15,DATASUS (simulado)
2208858,Riacho Frio,Centro-Norte Piauiense,2022,13.32,73.97,1.98,34,DATASUS (simulado)
2208858,Riacho Frio,Centro-Norte Piauiense,2023,18.63,67.06,1.43,8,DATASUS (simulado)
2208874,Ribeira do Piauí,Centro-Norte Piauiense,2019,18.54,82.29,2.22,11,DATASUS (simulado)
2208874,Ribeira do Piauí,Centro-Norte Piauiense,2020,16.27,79.38,1.38,15,DATASUS (simulado)
2208874,Ribeira do Piauí,Centro-Norte Piauiense,2021,22.19,71.54,2.26,21,DATASUS (simulado)
2208874,Ribeira do Piauí,Centro-Norte Piauiense,2022,22.96,62.78,1.82,39,DATASUS (simulado)
2208874,Ribeira do Piauí,Centro-Norte Piauiense,2023,20.43,70.28,2.02,35,DATASUS (simulado)
2208908,Ribeiro Gonçalves,Centro-Norte Piauiense,2019,12.01,70.95,2.09,18,DATASUS (simulado)
2208908,Ribeiro Gonçalves,Centro-Norte Piauiense,2020,8.83,68.33,1.83,31,DATASUS (simulado)
2208908,Ribeiro Gonçalves,Centro-Norte Piauiense,2021,18.93,90.04,1.47,17,DATASUS (simulado)
2208908,Ribeiro Gonçalves,Centro-Norte Piauiense,2022,9.14,92.4,1.57,36,DATASUS (simulado)
2208908,Ribeiro Gonçalves,Centro-Norte Piauiense,2023,12.59,82.01,1.29,22,DATASUS (simulado)
2209005,Rio Grande do Piauí,Centro-Norte Piauiense,2019,17.07,81.1,1.58,35,DATASUS (simulado)
2209005,Rio Grande do Piauí,Centro-Norte Piauiense,2020,15.11,52.55,1.58,6,DATASUS (simulado)
2209005,Rio Grande do Piauí,Centro-Norte Piauiense,2021,12.68,65.81,1.37,34,DATASUS (simulado)
2209005,Rio Grande do Piauí,Centro-Norte Piauiense,2022,7.35,50.0,1.34,20,DATASUS (simulado)
2209005,Rio Grande do Piauí,Centro-Norte Piauiense,2023,18.12,74.13,2.09,21,DATASUS (simulado)
2209104,Santa Cruz do Piauí,Centro-Norte Piauiense,2019,17.21,76.88,1.27,29,DATASUS (simulado)
2209104,Santa Cruz do Piauí,Centro-Norte Piauiense,2020,21.36,73.5,1.63,20,DATASUS (simulado)
2209104,Santa Cruz do Piauí,Centro-Norte Piauiense,2021,21.12,46.0,2.25,6,DATASUS (simulado)
2209104,Santa Cruz do Piauí,Centro-Norte Piauiense,2022,14.89,76.12,2.03,33,DATASUS (simulado)
2209104,Santa Cruz do Piauí,Centro-Norte Piauiense,2023,16.51,72.39,1.19,8,DATASUS (simulado)
2209153,Santa Cruz dos Milagres,Centro-Norte Piauiense,2019,12.99,81.01,1.94,36,DATASUS (simulado)
2209153,Santa Cruz dos Milagres,Centro-Norte Piauiense,2020,8.74,84.02,2.11,20,DATASUS (simulado)
2209153,Santa Cruz dos Milagres,Centro-Norte Piauiense,2021,14.19,83.88,1.56,28,DATASUS (simulado)
2209153,Santa Cruz dos Milagres,Centro-Norte Piauiense,2022,12.53,76.57,1.68,21,DATASUS (simulado)
2209153,Santa Cruz dos Milagres,Centro-Norte Piauiense,2023,18.25,85.35,1.96,22,DATASUS (simulado)
2209203,Santa Filomena,Centro-Norte Piauiense,2019,16.69,54.29,1.92,18,DATASUS (simulado)
2209203,Santa Filomena,Centro-Norte Piauiense,2020,12.32,63.31,2.2,10,DATASUS (simulado)
2209203,Santa Filomena,Centro-Norte Piauiense,2021,19.84,62.4,1.38,11,DATASUS (simulado)
2209203,Santa Filomena,Centro-Norte Piauiense,2022,10.72,76.63,1.11,39,DATASUS (simulado)
2209203,Santa Filomena,Centro-Norte Piauiense,2023,9.72,50.0,1.9,5,DATASUS (simulado)
2209302,Santa Luz,Centro-Norte Piauiense,2019,23.34,63.91,1.31,18,DATASUS (simulado)
2209302,Santa Luz,Centro-Norte Piauiense,2020,19.13,75.53,1.95,23,DATASUS (simulado)
2209302,Santa Luz,Centro-Norte Piauiense,2021,16.51,69.44,1.19,25,DATASUS (simulado)
2209302,Santa Luz,Centro-Norte Piauiense,2022,12.98,79.23,2.62,14,DATASUS (simulado)
2209302,Santa Luz,Centro-Norte Piauiense,2023,14.04,72.49,1.84,27,DATASUS (simulado)
2209351,Santana do Piauí,Centro-Norte Piauiense,2019,14.67,82.09,2.43,8,DATASUS (simulado)
2209351,Santana do Piauí,Centro-Norte Piauiense,2020,14.16,69.1,2.69,36,DATASUS (simulado)
2209351,Santana do Piauí,Centro-Norte Piauiense,2021,9.36,78.51,1.92,10,DATASUS (simulado)
2209351,Santana do Piauí,Centro-Norte Piauiense,2022,5.0,67.05,2.78,5,DATASUS (simulado)
2209351,Santana do Piauí,Centro-Norte Piauiense,2023,14.06,64.83,1.79,37,DATASUS (simulado)
2209377,Santa Rosa do Piauí,Centro-Norte Piauiense,2019,11.44,70.66,1.74,31,DATASUS (simulado)
2209377,Santa Rosa do Piauí,Centro-Norte Piauiense,2020,12.85,72.2,1.78,18,DATASUS (simulado)
2209377,Santa Rosa do Piauí,Centro-Norte Piauiense,2021,15.46,86.57,1.74,7,DATASUS (simulado)
2209377,Santa Rosa do Piauí,Centro-Norte Piauiense,2022,12.34,71.28,1.95,22,DATASUS (simulado)
2209377,Santa Rosa do Piauí,Centro-Norte Piauiense,2023,18.25,97.93,2.15,10,DATASUS (simulado)
2209401,Santo Antônio de Lisboa,Centro-Norte Piauiense,2019,9.4,75.22,2.54,21,DATASUS (simulado)
2209401,Santo Antônio de Lisboa,Centro-Norte Piauiense,2020,15.87,78.67,1.88,16,DATASUS (simulado)
2209401,Santo Antônio de Lisboa,Centro-Norte Piauiense,2021,21.73,82.73,2.47,21,DATASUS (simulado)
2209401,Santo Antônio de Lisboa,Centro-Norte Piauiense,2022,11.08,78.43,1.23,6,DATASUS (simulado)
2209401,Santo Antônio de Lisboa,Centro-Norte Piauiense,2023,14.78,51.85,1.26,26,DATASUS (simulado)
2209450,Santo Antônio dos Milagres,Centro-Norte Piauiense,2019,14.2,72.38,1.33,15,DATASUS (simulado)
2209450,Santo Antônio dos Milagres,Centro-Norte Piauiense,2020,16.49,58.77,1.4,28,DATASUS (simulado)
2209450,Santo Antônio dos Milagres,Centro-Norte Piauiense,2021,8.54,60.15,1.3,21,DATASUS (simulado)
2209450,Santo Antônio dos Milagres,Centro-Norte Piauiense,2022,17.96,65.59,0.98,28,DATASUS (simulado)
2209450,Santo Antônio dos Milagres,Centro-Norte Piauiense,2023,11.91,76.48,1.59,34,DATASUS (simulado)
2209500,Santo Inácio do Piauí,Centro-Norte Piauiense,2019,20.44,56.88,2.1,28,DATASUS (simulado)
2209500,Santo Inácio do Piauí,Centro-Norte Piauiense,2020,17.39,51.0,2.13,22,DATASUS (simulado)
2209500,Santo Inácio do Piauí,Centro-Norte Piauiense,2021,17.48,59.48,2.94,13,DATASUS (simulado)
2209500,Santo Inácio do Piauí,Centro-Norte Piauiense,2022,16.42,66.47,0.6,32,DATASUS (simulado)
2209500,Santo Inácio do Piauí,Centro-Norte Piauiense,2023,19.47,56.58,1.53,30,DATASUS (simulado)
2209559,São Braz do Piauí,Centro-Norte Piauiense,2019,17.85,90.68,1.27,36,DATASUS (simulado)
2209559,São Braz do Piauí,Centro-Norte Piauiense,2020,5.0,73.59,2.04,37,DATASUS (simulado)
2209559,São Braz do Piauí,Centro-Norte Piauiense,2021,17.6,55.55,1.64,7,DATASUS (simulado)
2209559,São Braz do Piauí,Centro-Norte Piauiense,2022,18.83,79.31,2.56,11,DATASUS (simulado)
2209559,São Braz do Piauí,Centro-Norte Piauiense,2023,10.02,88.66,0.96,28,DATASUS (simulado)
2209609,São Félix do Piauí,Centro-Norte Piauiense,2019,14.05,85.66,1.68,20,DATASUS (simulado)
2209609,São Félix do Piauí,Centro-Norte Piauiense,2020,12.56,81.57,0.83,32,DATASUS (simulado)
2209609,São Félix do Piauí,Centro-Norte Piauiense,2021,13.14,90.16,1.17,30,DATASUS (simulado)
2209609,São Félix do Piauí,Centro-Norte Piauiense,2022,18.06,64.69,1.28,30,DATASUS (simulado)
2209609,São Félix do Piauí,Centro-Norte Piauiense,2023,14.08,68.91,1.78,30,DATASUS (simulado)
2209658,São Francisco de Assis do Piauí,Centro-Norte Piauiense,2019,12.75,63.76,1.83,34,DATASUS (simulado)
2209658,São Francisco de Assis do Piauí,Centro-Norte Piauiense,2020,28.56,67.15,2.13,25,DATASUS (simulado)
2209658,São Francisco de Assis do Piauí,Centro-Norte Piauiense,2021,23.08,67.93,0.96,6,DATASUS (simulado)
2209658,São Francisco de Assis do Piauí,Centro-Norte Piauiense,2022,18.9,56.16,2.31,6,DATASUS (simulado)
2209658,São Francisco de Assis do Piauí,Centro-Norte Piauiense,2023,19.48,61.79,2.1,23,DATASUS (simulado)
2209708,São Francisco do Piauí,Centro-Norte Piauiense,2019,20.07,66.5,1.81,34,DATASUS (simulado)
2209708,São Francisco do Piauí,Centro-Norte Piauiense,2020,9.68,64.6,1.69,36,DATASUS (simulado)
2209708,São Francisco do Piauí,Centro-Norte Piauiense,2021,11.21,85.98,2.25,15,DATASUS (simulado)
2209708,São Francisco do Piauí,Centro-Norte Piauiense,2022,15.13,91.93,1.71,9,DATASUS (simulado)
2209708,São Francisco do Piauí,Centro-Norte Piauiense,2023,14.29,98.0,1.4,21,DATASUS (simulado)
2209757,São Gonçalo do Gurguéia,Centro-Norte Piauiense,2019,17.19,98.0,1.94,15,DATASUS (simulado)
2209757,São Gonçalo do Gurguéia,Centro-Norte Piauiense,2020,16.34,74.08,1.44,18,DATASUS (simulado)
2209757,São Gonçalo do Gurguéia,Centro-Norte Piauiense,2021,19.42,61.45,2.18,38,DATASUS (simulado)
2209757,São Gonçalo do Gurguéia,Centro-Norte Piauiense,2022,11.87,69.71,3.12,8,DATASUS (simulado)
2209757,São Gonçalo do Gurguéia,Centro-Norte Piauiense,2023,19.68,84.73,1.45,25,DATASUS (simulado)
2209807,São Gonçalo do Piauí,Centro-Norte Piauiense,2019,18.41,69.43,1.82,21,DATASUS (simulado)
2209807,São Gonçalo do Piauí,Centro-Norte Piauiense,2020,17.29,53.71,1.93,15,DATASUS (simulado)
2209807,São Gonçalo do Piauí,Centro-Norte Piauiense,2021,22.82,81.03,3.22,15,DATASUS (simulado)
2209807,São Gonçalo do Piauí,Centro-Norte Piauiense,2022,10.05,73.37,1.31,25,DATASUS (simulado)
2209807,São Gonçalo do Piauí,Centro-Norte Piauiense,2023,12.73,74.47,1.58,18,DATASUS (simulado)
2209856,São João da Canabrava,Centro-Norte Piauiense,2019,9.83,86.79,2.26,26,DATASUS (simulado)
2209856,São João da Canabrava,Centro-Norte Piauiense,2020,5.0,83.4,0.93,26,DATASUS (simulado)
2209856,São João da Canabrava,Centro-Norte Piauiense,2021,13.55,81.7,1.84,10,DATASUS (simulado)
2209856,São João da Canabrava,Centro-Norte Piauiense,2022,21.34,85.97,1.53,12,DATASUS (simulado)
2209856,São João da Canabrava,Centro-Norte Piauiense,2023,12.69,69.34,1.7,28,DATASUS (simulado)
2209872,São João da Fronteira,Centro-Norte Piauiense,2019,22.42,74.78,1.69,16,DATASUS (simulado)
2209872,São João da Fronteira,Centro-Norte Piauiense,2020,22.75,62.34,1.53,36,DATASUS (simulado)
2209872,São João da Fronteira,Centro-Norte Piauiense,2021,14.2,74.41,1.61,27,DATASUS (simulado)
2209872,São João da Fronteira,Centro-Norte Piauiense,2022,20.64,90.47,1.73,22,DATASUS (simulado)
2209872,São João da Fronteira,Centro-Norte Piauiense,2023,12.61,66.24,2.33,22,DATASUS (simulado)
2209906,São João da Serra,Centro-Norte Piauiense,2019,18.92,51.06,1.02,34,DATASUS (simulado)
2209906,São João da Serra,Centro-Norte Piauiense,2020,13.05,57.74,2.38,8,DATASUS (simulado)
2209906,São João da Serra,Centro-Norte Piauiense,2021,20.62,65.66,2.01,34,DATASUS (simulado)
2209906,São João da Serra,Centro-Norte Piauiense,2022,24.37,64.52,1.1,28,DATASUS (simulado)
2209906,São João da Serra,Centro-Norte Piauiense,2023,10.15,54.48,1.48,22,DATASUS (simulado)
2209955,São João da Varjota,Centro-Norte Piauiense,2019,15.6,87.42,1.07,33,DATASUS (simulado)
2209955,São João da Varjota,Centro-Norte Piauiense,2020,15.78,72.89,1.12,16,DATASUS (simulado)
2209955,São João da Varjota,Centro-Norte Piauiense,2021,15.19,76.38,2.44,16,DATASUS (simulado)
2209955,São João da Varjota,Centro-Norte Piauiense,2022,14.21,81.05,1.61,30,DATASUS (simulado)
2209955,São João da Varjota,Centro-Norte Piauiense,2023,11.33,89.56,1.65,17,DATASUS (simulado)
2209971,São João do Arraial,Centro-Norte Piauiense,2019,17.44,83.1,1.92,17,DATASUS (simulado)
2209971,São João do Arraial,Centro-Norte Piauiense,2020,10.5,55.6,1.74,11,DATASUS (simulado)
2209971,São João do Arraial,Centro-Norte Piauiense,2021,20.83,76.6,2.34,19,DATASUS (simulado)
2209971,São João do Arraial,Centro-Norte Piauiense,2022,17.32,65.64,1.01,30,DATASUS (simulado)
2209971,São João do Arraial,Centro-Norte Piauiense,2023,13.43,54.64,1.62,31,DATASUS (simulado)
2210003,São João do Piauí,Centro-Norte Piauiense,2019,14.0,76.94,1.64,8,DATASUS (simulado)
2210003,São João do Piauí,Centro-Norte Piauiense,2020,17.62,70.01,1.93,29,DATASUS (simulado)
2210003,São João do Piauí,Centro-Norte Piauiense,2021,5.0,67.17,2.39,39,DATASUS (simulado)
2210003,São João do Piauí,Centro-Norte Piauiense,2022,22.51,58.13,2.42,8,DATASUS (simulado)
2210003,São João do Piauí,Centro-Norte Piauiense,2023,8.46,78.08,2.05,14,DATASUS (simulado)
2210052,São José do Divino,Centro-Norte Piauiense,2019,15.64,67.55,1.06,14,DATASUS (simulado)
2210052,São José do Divino,Centro-Norte Piauiense,2020,21.1,81.46,1.84,7,DATASUS (simulado)
2210052,São José do Divino,Centro-Norte Piauiense,2021,15.26,82.54,2.07,39,DATASUS (simulado)
2210052,São José do Divino,Centro-Norte Piauiense,2022,24.06,84.76,2.19,33,DATASUS (simulado)
2210052,São José do Divino,Centro-Norte Piauiense,2023,5.64,64.9,2.93,19,DATASUS (simulado)
2210102,São José do Peixe,Centro-Norte Piauiense,2019,18.96,65.24,1.25,5,DATASUS (simulado)
2210102,São José do Peixe,Centro-Norte Piauiense,2020,11.64,57.3,1.11,31,DATASUS (simulado)
2210102,São José do Peixe,Centro-Norte Piauiense,2021,17.27,73.98,2.18,8,DATASUS (simulado)
2210102,São José do Peixe,Centro-Norte Piauiense,2022,12.81,58.92,2.45,11,DATASUS (simulado)
2210102,São José do Peixe,Centro-Norte Piauiense,2023,16.08,66.94,1.77,35,DATASUS (simulado)
2210201,São José do Piauí,Centro-Norte Piauiense,2019,14.41,60.45,2.23,38,DATASUS (simulado)
2210201,São José do Piauí,Centro-Norte Piauiense,2020,15.35,77.39,1.97,17,DATASUS (simulado)
2210201,São José do Piauí,Centro-Norte Piauiense,2021,5.0,63.25,2.24,34,DATASUS (simulado)
2210201,São José do Piauí,Centro-Norte Piauiense,2022,17.18,69.19,1.43,16,DATASUS (simulado)
2210201,São José do Piauí,Centro-Norte Piauiense,2023,16.13,50.0,2.35,35,DATASUS (simulado)
2210300,São Julião,Centro-Norte Piauiense,2019,14.28,76.99,1.45,25,DATASUS (simulado)
2210300,São Julião,Centro-Norte Piauiense,2020,20.18,63.23,0.81,17,DATASUS (simulado)
2210300,São Julião,Centro-Norte Piauiense,2021,21.18,83.48,1.75,24,DATASUS (simulado)
2210300,São Julião,Centro-Norte Piauiense,2022,8.33,70.12,2.48,11,DATASUS (simulado)
2210300,São Julião,Centro-Norte Piauiense,2023,20.28,66.65,1.72,17,DATASUS (simulado)
2210359,São Lourenço do Piauí,Centro-Norte Piauiense,2019,14.51,72.53,1.44,14,DATASUS (simulado)
2210359,São Lourenço do Piauí,Centro-Norte Piauiense,2020,10.36,78.36,1.71,23,DATASUS (simulado)
2210359,São Lourenço do Piauí,Centro-Norte Piauiense,2021,9.37,71.89,1.89,33,DATASUS (simulado)
2210359,São Lourenço do Piauí,Centro-Norte Piauiense,2022,14.93,53.38,1.79,31,DATASUS (simulado)
2210359,São Lourenço do Piauí,Centro-Norte Piauiense,2023,14.74,81.51,1.85,27,DATASUS (simulado)
2210375,São Luis do Piauí,Centro-Norte Piauiense,2019,15.45,67.83,1.65,25,DATASUS (simulado)
2210375,São Luis do Piauí,Centro-Norte Piauiense,2020,17.38,51.2,2.11,33,DATASUS (simulado)
2210375,São Luis do Piauí,Centro-Norte Piauiense,2021,17.28,78.85,2.43,39,DATASUS (simulado)
2210375,São Luis do Piauí,Centro-Norte Piauiense,2022,15.89,81.34,0.5,24,DATASUS (simulado)
2210375,São Luis do Piauí,Centro-Norte Piauiense,2023,11.0,72.32,1.73,17,DATASUS (simulado)
2210383,São Miguel da Baixa Grande,Centro-Norte Piauiense,2019,19.29,80.16,1.3,6,DATASUS (simulado)
2210383,São Miguel da Baixa Grande,Centro-Norte Piauiense,2020,17.69,65.99,2.57,24,DATASUS (simulado)
2210383,São Miguel da Baixa Grande,Centro-Norte Piauiense,2021,22.68,82.48,1.77,23,DATASUS (simulado)
2210383,São Miguel da Baixa Grande,Centro-Norte Piauiense,2022,17.73,50.0,0.5,8,DATASUS (simulado)
2210383,São Miguel da Baixa Grande,Centro-Norte Piauiense,2023,19.99,96.65,1.58,13,DATASUS (simulado)
2210391,São Miguel do Fidalgo,Centro-Norte Piauiense,2019,14.03,65.01,1.38,23,DATASUS (simulado)
2210391,São Miguel do Fidalgo,Centro-Norte Piauiense,2020,14.96,46.0,2.32,28,DATASUS (simulado)
2210391,São Miguel do Fidalgo,Centro-Norte Piauiense,2021,16.84,46.0,1.35,24,DATASUS (simulado)
2210391,São Miguel do Fidalgo,Centro-Norte Piauiense,2022,21.11,59.48,1.29,5,DATASUS (simulado)
2210391,São Miguel do Fidalgo,Centro-Norte Piauiense,2023,12.51,63.65,1.41,26,DATASUS (simulado)
2210409,São Miguel do Tapuio,Centro-Norte Piauiense,2019,13.27,78.9,1.72,31,DATASUS (simulado)
2210409,São Miguel do Tapuio,Centro-Norte Piauiense,2020,20.17,81.54,1.57,12,DATASUS (simulado)
2210409,São Miguel do Tapuio,Centro-Norte Piauiense,2021,17.62,85.16,2.06,11,DATASUS (simulado)
2210409,São Miguel do Tapuio,Centro-Norte Piauiense,2022,9.79,69.44,2.02,13,DATASUS (simulado)
2210409,São Miguel do Tapuio,Centro-Norte Piauiense,2023,6.52,82.1,1.61,24,DATASUS (simulado)
2210508,São Pedro do Piauí,Centro-Norte Piauiense,2019,20.31,64.32,1.47,35,DATASUS (simulado)
2210508,São Pedro do Piauí,Centro-Norte Piauiense,2020,14.62,73.17,1.19,8,DATASUS (simulado)
2210508,São Pedro do Piauí,Centro-Norte Piauiense,2021,14.67,65.48,1.68,16,DATASUS (simulado)
2210508,São Pedro do Piauí,Centro-Norte Piauiense,2022,16.54,86.52,1.68,19,DATASUS (simulado)
2210508,São Pedro do Piauí,Centro-Norte Piauiense,2023,16.81,68.8,2.03,35,DATASUS (simulado)
2210607,São Raimundo Nonato,Centro-Norte Piauiense,2019,11.68,61.9,2.11,38,DATASUS (simulado)
2210607,São Raimundo Nonato,Centro-Norte Piauiense,2020,17.61,53.6,1.18,19,DATASUS (simulado)
2210607,São Raimundo Nonato,Centro-Norte Piauiense,2021,19.96,46.0,1.48,26,DATASUS (simulado)
2210607,São Raimundo Nonato,Centro-Norte Piauiense,2022,12.42,70.37,1.57,21,DATASUS (simulado)
2210607,São Raimundo Nonato,Centro-Norte Piauiense,2023,12.02,75.92,2.68,8,DATASUS (simulado)
2210623,Sebastião Barros,Centro-Norte Piauiense,2019,16.33,69.92,2.27,36,DATASUS (simulado)
2210623,Sebastião Barros,Centro-Norte Piauiense,2020,10.75,58.95,2.17,23,DATASUS (simulado)
2210623,Sebastião Barros,Centro-Norte Piauiense,2021,13.32,80.98,0.91,39,DATASUS (simulado)
2210623,Sebastião Barros,Centro-Norte Piauiense,2022,11.57,76.3,0.95,17,DATASUS (simulado)
2210623,Sebastião Barros,Centro-Norte Piauiense,2023,14.35,77.03,2.52,39,DATASUS (simulado)
2210631,Sebastião Leal,Centro-Norte Piauiense,2019,8.92,72.17,2.29,32,DATASUS (simulado)
2210631,Sebastião Leal,Centro-Norte Piauiense,2020,19.1,82.51,2.4,39,DATASUS (simulado)
2210631,Sebastião Leal,Centro-Norte Piauiense,2021,10.64,86.71,3.18,14,DATASUS (simulado)
2210631,Sebastião Leal,Centro-Norte Piauiense,2022,15.67,72.82,1.1,7,DATASUS (simulado)
2210631,Sebastião Leal,Centro-Norte Piauiense,2023,15.53,82.13,1.08,11,DATASUS (simulado)
2210656,Sigefredo Pacheco,Centro-Norte Piauiense,2019,17.94,51.62,1.38,35,DATASUS (simulado)
2210656,Sigefredo Pacheco,Centro-Norte Piauiense,2020,25.42,61.1,0.82,6,DATASUS (simulado)
2210656,Sigefredo Pacheco,Centro-Norte Piauiense,2021,14.09,63.32,2.58,21,DATASUS (simulado)
2210656,Sigefredo Pacheco,Centro-Norte Piauiense,2022,6.31,52.18,1.53,27,DATASUS (simulado)
2210656,Sigefredo Pacheco,Centro-Norte Piauiense,2023,16.79,63.09,1.9,29,DATASUS (simulado)
2210706,Simões,Centro-Norte Piauiense,2019,20.44,60.54,1.57,12,DATASUS (simulado)
2210706,Simões,Centro-Norte Piauiense,2020,25.99,72.41,2.47,22,DATASUS (simulado)
2210706,Simões,Centro-Norte Piauiense,2021,5.0,54.14,1.72,34,DATASUS (simulado)
2210706,Simões,Centro-Norte Piauiense,2022,6.53,66.83,1.37,22,DATASUS (simulado)
2210706,Simões,Centro-Norte Piauiense,2023,7.55,63.55,1.51,39,DATASUS (simulado)
2210805,Simplício Mendes,Centro-Norte Piauiense,2019,32.89,50.0,0.96,9,DATASUS (simulado)
2210805,Simplício Mendes,Centro-Norte Piauiense,2020,21.43,69.99,1.75,24,DATASUS (simulado)
2210805,Simplício Mendes,Centro-Norte Piauiense,2021,13.4,62.37,1.27,9,DATASUS (simulado)
2210805,Simplício Mendes,Centro-Norte Piauiense,2022,14.36,67.16,1.86,19,DATASUS (simulado)
2210805,Simplício Mendes,Centro-Norte Piauiense,2023,18.35,50.0,1.93,8,DATASUS (simulado)
2210904,Socorro do Piauí,Centro-Norte Piauiense,2019,17.46,85.12,1.53,33,DATASUS (simulado)
2210904,Socorro do Piauí,Centro-Norte Piauiense,2020,21.92,72.62,1.87,5,DATASUS (simulado)
2210904,Socorro do Piauí,Centro-Norte Piauiense,2021,21.54,90.16,2.16,32,DATASUS (simulado)
2210904,Socorro do Piauí,Centro-Norte Piauiense,2022,13.14,66.76,2.16,14,DATASUS (simulado)
2210904,Socorro do Piauí,Centro-Norte Piauiense,2023,13.23,66.37,1.31,35,DATASUS (simulado)
2210938,Sussuapara,Centro-Norte Piauiense,2019,7.92,89.19,1.47,10,DATASUS (simulado)
2210938,Sussuapara,Centro-Norte Piauiense,2020,14.78,82.03,2.11,25,DATASUS (simulado)
2210938,Sussuapara,Centro-Norte Piauiense,2021,20.55,81.0,1.39,19,DATASUS (simulado)
2210938,Sussuapara,Centro-Norte Piauiense,2022,8.31,72.83,1.9,7,DATASUS (simulado)
2210938,Sussuapara,Centro-Norte Piauiense,2023,5.0,50.0,1.95,30,DATASUS (simulado)
2210953,Tamboril do Piauí,Centro-Norte Piauiense,2019,12.29,69.93,1.06,29,DATASUS (simulado)
2210953,Tamboril do Piauí,Centro-Norte Piauiense,2020,13.09,75.0,1.13,25,DATASUS (simulado)
2210953,Tamboril do Piauí,Centro-Norte Piauiense,2021,15.61,77.43,1.14,25,DATASUS (simulado)
2210953,Tamboril do Piauí,Centro-Norte Piauiense,2022,13.13,89.67,2.11,19,DATASUS (simulado)
2210953,Tamboril do Piauí,Centro-Norte Piauiense,2023,5.0,88.82,2.21,20,DATASUS (simulado)
2210979,Tanque do Piauí,Centro-Norte Piauiense,2019,12.87,84.46,2.23,33,DATASUS (simulado)
2210979,Tanque do Piauí,Centro-Norte Piauiense,2020,13.16,88.53,2.09,37,DATASUS (simulado)
2210979,Tanque do Piauí,Centro-Norte Piauiense,2021,5.0,78.3,1.13,32,DATASUS (simulado)
2210979,Tanque do Piauí,Centro-Norte Piauiense,2022,11.21,98.0,2.2,9,DATASUS (simulado)
2210979,Tanque do Piauí,Centro-Norte Piauiense,2023,14.55,88.99,2.44,6,DATASUS (simulado)
2211001,Teresina,Centro-Norte Piauiense,2019,7.73,96.45,2.28,928,DATASUS (simulado)
2211001,Teresina,Centro-Norte Piauiense,2020,13.08,70.31,1.42,805,DATASUS (simulado)
2211001,Teresina,Centro-Norte Piauiense,2021,6.78,90.16,2.69,865,DATASUS (simulado)
2211001,Teresina,Centro-Norte Piauiense,2022,13.46,79.61,2.36,902,DATASUS (simulado)
2211001,Teresina,Centro-Norte Piauiense,2023,17.28,85.07,2.18,1008,DATASUS (simulado)
2211100,União,Centro-Norte Piauiense,2019,12.08,78.03,2.22,28,DATASUS (simulado)
2211100,União,Centro-Norte Piauiense,2020,17.62,72.18,1.1,30,DATASUS (simulado)
2211100,União,Centro-Norte Piauiense,2021,12.17,72.43,1.56,21,DATASUS (simulado)
2211100,União,Centro-Norte Piauiense,2022,10.38,84.29,1.75,19,DATASUS (simulado)
2211100,União,Centro-Norte Piauiense,2023,17.58,98.0,1.49,9,DATASUS (simulado)
2211209,Uruçuí,Centro-Norte Piauiense,2019,22.23,70.43,1.6,22,DATASUS (simulado)
2211209,Uruçuí,Centro-Norte Piauiense,2020,8.18,59.04,1.52,19,DATASUS (simulado)
2211209,Uruçuí,Centro-Norte Piauiense,2021,17.52,67.66,0.99,36,DATASUS (simulado)
2211209,Uruçuí,Centro-Norte Piauiense,2022,15.59,73.54,1.7,5,DATASUS (simulado)
2211209,Uruçuí,Centro-Norte Piauiense,2023,17.4,58.38,1.6,34,DATASUS (simulado)
2211308,Valença do Piauí,Centro-Norte Piauiense,2019,14.24,64.39,1.6,26,DATASUS (simulado)
2211308,Valença do Piauí,Centro-Norte Piauiense,2020,16.55,87.93,1.64,8,DATASUS (simulado)
2211308,Valença do Piauí,Centro-Norte Piauiense,2021,21.26,55.39,2.79,33,DATASUS (simulado)
2211308,Valença do Piauí,Centro-Norte Piauiense,2022,16.3,74.7,1.53,20,DATASUS (simulado)
2211308,Valença do Piauí,Centro-Norte Piauiense,2023,8.18,75.75,0.88,6,DATASUS (simulado)
2211357,Várzea Branca,Centro-Norte Piauiense,2019,10.26,90.85,2.47,37,DATASUS (simulado)
2211357,Várzea Branca,Centro-Norte Piauiense,2020,18.08,64.5,1.97,22,DATASUS (simulado)
2211357,Várzea Branca,Centro-Norte Piauiense,2021,12.56,88.36,1.18,11,DATASUS (simulado)
2211357,Várzea Branca,Centro-Norte Piauiense,2022,9.35,79.71,2.21,9,DATASUS (simulado)
2211357,Várzea Branca,Centro-Norte Piauiense,2023,13.09,82.21,2.16,37,DATASUS (simulado)
2211407,Várzea Grande,Centro-Norte Piauiense,2019,20.09,76.25,1.63,10,DATASUS (simulado)
2211407,Várzea Grande,Centro-Norte Piauiense,2020,9.46,86.96,1.14,20,DATASUS (simulado)
2211407,Várzea Grande,Centro-Norte Piauiense,2021,13.35,73.05,1.9,24,DATASUS (simulado)
2211407,Várzea Grande,Centro-Norte Piauiense,2022,11.08,68.89,1.43,18,DATASUS (simulado)
2211407,Várzea Grande,Centro-Norte Piauiense,2023,8.04,86.19,1.9,9,DATASUS (simulado)
2211506,Vera Mendes,Centro-Norte Piauiense,2019,14.71,66.57,1.62,16,DATASUS (simulado)
2211506,Vera Mendes,Centro-Norte Piauiense,2020,11.9,74.66,1.56,6,DATASUS (simulado)
2211506,Vera Mendes,Centro-Norte Piauiense,2021,13.64,68.14,1.82,29,DATASUS (simulado)
2211506,Vera Mendes,Centro-Norte Piauiense,2022,17.21,77.03,2.4,6,DATASUS (simulado)
2211506,Vera Mendes,Centro-Norte Piauiense,2023,18.61,64.1,1.24,9,DATASUS (simulado)
2211605,Vila Nova do Piauí,Centro-Norte Piauiense,2019,24.34,68.21,1.38,29,DATASUS (simulado)
2211605,Vila Nova do Piauí,Centro-Norte Piauiense,2020,17.89,67.84,2.6,10,DATASUS (simulado)
2211605,Vila Nova do Piauí,Centro-Norte Piauiense,2021,6.38,75.52,1.82,28,DATASUS (simulado)
2211605,Vila Nova do Piauí,Centro-Norte Piauiense,2022,12.84,90.23,1.61,16,DATASUS (simulado)
2211605,Vila Nova do Piauí,Centro-Norte Piauiense,2023,22.87,56.01,1.19,25,DATASUS (simulado)
2211704,Wall Ferraz,Centro-Norte Piauiense,2019,25.25,67.2,1.74,26,DATASUS (simulado)
2211704,Wall Ferraz,Centro-Norte Piauiense,2020,13.82,46.1,1.19,34,DATASUS (simulado)
2211704,Wall Ferraz,Centro-Norte Piauiense,2021,13.02,51.32,1.71,13,DATASUS (simulado)
2211704,Wall Ferraz,Centro-Norte Piauiense,2022,18.2,60.39,1.09,12,DATASUS (simulado)
2211704,Wall Ferraz,Centro-Norte Piauiense,2023,21.24,74.78,1.77,36,DATASUS (simulado)
